"rssi (0.00)","time (second)_1","trial_1","distance_1","rssi (0.25)","time (second)_2","trial_2","distance_2","rssi (0.50)","time (second)_3","trial_3","distance_3","rssi (0.75)","time (second)_4","trial_4","distance_4","rssi (1.00)","time (second)_5","trial_5","distance_5","rssi (1.25)","time (second)_6","trial_6","distance_6","rssi (1.50)","time (second)_7","trial_7","distance_7","rssi (1.75)","time (second)_8","trial_8","distance_8","rssi (2.00)","time (second)_9","trial_9","distance_9","rssi (2.25)","time (second)_10","trial_10","distance_10","rssi (2.50)","time (second)_11","trial_11","distance_11","rssi (2.75)","time (second)_12","trial_12","distance_12","rssi (3.00)","time (second)_13","trial_13","distance_13","rssi (3.25)","time (second)_14","trial_14","distance_14","rssi (3.50)","time (second)_15","trial_15","distance_15","rssi (3.75)","time (second)_16","trial_16","distance_16","rssi (4.00)","time (second)_17","trial_17","distance_17","rssi (4.25)","time (second)_18","trial_18","distance_18","rssi (4.50)","time (second)_19","trial_19","distance_19","rssi (4.75)","time (second)_20","trial_20","distance_20","rssi (5.00)","time (second)_21","trial_21","distance_21","rssi (5.25)","time (second)_22","trial_22","distance_22","rssi (5.50)","time (second)_23","trial_23","distance_23","rssi (5.75)","time (second)_24","trial_24","distance_24","rssi (6.00)","time (second)_25","trial_25","distance_25"
-33,-0.0,1,0.0,-51,-0.0,1,0.25,-55,-0.0,1,0.5,-59,-0.0,1,0.75,-62,-0.0,1,1.0,-62,-0.0,1,1.25,-60,-0.0,1,1.5,-65,-0.0,1,1.75,-64,-0.0,1,2.0,-63,-0.0,1,2.25,-65,-0.0,1,2.5,-74,-0.0,1,2.75,-74,-0.0,1,3.0,-65,-0.0,1,3.25,-67,-0.0,1,3.5,-74,-0.0,1,3.75,-67,-0.0,1,4.0,-68,-0.0,1,4.25,-69,-0.0,1,4.5,-67,-0.0,1,4.75,-70,-0.0,1,5.0,-70,-0.0,1,5.25,-68,-0.0,1,5.5,-68,-0.0,1,5.75,-65,-0.0,1,6.0
-33,2.0,1,0.0,-48,2.0,1,0.25,-59,2.0,1,0.5,-57,2.0,1,0.75,-65,1.0,1,1.0,-61,2.0,1,1.25,-61,2.0,1,1.5,-63,1.0,1,1.75,-63,3.0,1,2.0,-63,2.0,1,2.25,-67,2.0,1,2.5,-66,2.0,1,2.75,-75,1.0,1,3.0,-69,2.0,1,3.25,-67,1.0,1,3.5,-70,2.0,1,3.75,-71,1.0,1,4.0,-68,3.0,1,4.25,-65,1.0,1,4.5,-67,4.0,1,4.75,-67,1.0,1,5.0,-75,1.0,1,5.25,-68,2.0,1,5.5,-67,2.0,1,5.75,-67,1.0,1,6.0
-34,3.0,1,0.0,-48,3.0,1,0.25,-55,3.0,1,0.5,-57,3.0,1,0.75,-60,3.0,1,1.0,-64,3.0,1,1.25,-60,3.0,1,1.5,-63,2.0,1,1.75,-63,4.0,1,2.0,-64,3.0,1,2.25,-65,3.0,1,2.5,-67,6.0,1,2.75,-67,3.0,1,3.0,-65,5.0,1,3.25,-66,4.0,1,3.5,-73,3.0,1,3.75,-71,3.0,1,4.0,-68,4.0,1,4.25,-68,2.0,1,4.5,-68,7.0,1,4.75,-70,3.0,1,5.0,-72,3.0,1,5.25,-68,5.0,1,5.5,-68,3.0,1,5.75,-67,3.0,1,6.0
-34,5.0,1,0.0,-51,5.0,1,0.25,-59,5.0,1,0.5,-58,5.0,1,0.75,-60,4.0,1,1.0,-63,5.0,1,1.25,-60,5.0,1,1.5,-63,4.0,1,1.75,-63,6.0,1,2.0,-65,4.0,1,2.25,-65,5.0,1,2.5,-65,10.0,1,2.75,-74,4.0,1,3.0,-69,6.0,1,3.25,-67,5.0,1,3.5,-73,4.0,1,3.75,-71,4.0,1,4.0,-68,7.0,1,4.25,-69,4.0,1,4.5,-67,8.0,1,4.75,-70,7.0,1,5.0,-73,5.0,1,5.25,-68,6.0,1,5.5,-63,4.0,1,5.75,-65,4.0,1,6.0
-33,6.0,1,0.0,-49,6.0,1,0.25,-56,6.0,1,0.5,-57,6.0,1,0.75,-63,5.0,1,1.0,-62,6.0,1,1.25,-63,6.0,1,1.5,-64,5.0,1,1.75,-63,7.0,1,2.0,-62,6.0,1,2.25,-65,6.0,1,2.5,-66,13.0,1,2.75,-67,6.0,1,3.0,-64,7.0,1,3.25,-66,6.0,1,3.5,-67,6.0,1,3.75,-71,7.0,1,4.0,-68,8.0,1,4.25,-69,5.0,1,4.5,-67,10.0,1,4.75,-66,9.0,1,5.0,-70,6.0,1,5.25,-68,8.0,1,5.5,-63,6.0,1,5.75,-67,5.0,1,6.0
-34,7.0,1,0.0,-48,9.0,1,0.25,-54,8.0,1,0.5,-59,7.0,1,0.75,-59,7.0,1,1.0,-63,7.0,1,1.25,-60,7.0,1,1.5,-63,6.0,1,1.75,-64,9.0,1,2.0,-62,7.0,1,2.25,-65,7.0,1,2.5,-75,16.0,1,2.75,-74,7.0,1,3.0,-65,9.0,1,3.25,-67,8.0,1,3.5,-74,7.0,1,3.75,-66,8.0,1,4.0,-69,12.0,1,4.25,-69,7.0,1,4.5,-68,11.0,1,4.75,-70,10.0,1,5.0,-71,8.0,1,5.25,-68,9.0,1,5.5,-68,7.0,1,5.75,-67,7.0,1,6.0
-33,9.0,1,0.0,-48,10.0,1,0.25,-56,9.0,1,0.5,-56,10.0,1,0.75,-59,8.0,1,1.0,-63,9.0,1,1.25,-60,9.0,1,1.5,-65,8.0,1,1.75,-63,11.0,1,2.0,-63,9.0,1,2.25,-64,9.0,1,2.5,-66,21.0,1,2.75,-73,9.0,1,3.0,-69,10.0,1,3.25,-67,9.0,1,3.5,-70,9.0,1,3.75,-66,9.0,1,4.0,-68,15.0,1,4.25,-66,8.0,1,4.5,-67,16.0,1,4.75,-70,12.0,1,5.0,-72,9.0,1,5.25,-69,12.0,1,5.5,-63,9.0,1,5.75,-71,8.0,1,6.0
-34,10.0,1,0.0,-51,11.0,1,0.25,-57,11.0,1,0.5,-59,11.0,1,0.75,-63,9.0,1,1.0,-61,10.0,1,1.25,-61,10.0,1,1.5,-63,9.0,1,1.75,-64,12.0,1,2.0,-62,10.0,1,2.25,-65,10.0,1,2.5,-75,23.0,1,2.75,-68,11.0,1,3.0,-65,11.0,1,3.25,-66,11.0,1,3.5,-68,10.0,1,3.75,-71,11.0,1,4.0,-68,16.0,1,4.25,-65,10.0,1,4.5,-68,18.0,1,4.75,-67,13.0,1,5.0,-73,11.0,1,5.25,-69,14.0,1,5.5,-67,10.0,1,5.75,-67,9.0,1,6.0
-33,13.0,1,0.0,-49,13.0,1,0.25,-57,12.0,1,0.5,-58,13.0,1,0.75,-61,11.0,1,1.0,-61,11.0,1,1.25,-60,11.0,1,1.5,-63,11.0,1,1.75,-63,13.0,1,2.0,-65,12.0,1,2.25,-70,12.0,1,2.5,-66,24.0,1,2.75,-71,12.0,1,3.0,-65,13.0,1,3.25,-67,12.0,1,3.5,-74,11.0,1,3.75,-71,12.0,1,4.0,-68,19.0,1,4.25,-65,11.0,1,4.5,-68,22.0,1,4.75,-70,14.0,1,5.0,-73,12.0,1,5.25,-69,20.0,1,5.5,-68,12.0,1,5.75,-67,11.0,1,6.0
-33,14.0,1,0.0,-48,14.0,1,0.25,-54,13.0,1,0.5,-62,15.0,1,0.75,-61,12.0,1,1.0,-62,13.0,1,1.25,-61,13.0,1,1.5,-65,12.0,1,1.75,-63,15.0,1,2.0,-63,14.0,1,2.25,-65,13.0,1,2.5,-75,26.0,1,2.75,-68,13.0,1,3.0,-65,14.0,1,3.25,-67,13.0,1,3.5,-70,13.0,1,3.75,-72,15.0,1,4.0,-68,23.0,1,4.25,-66,12.0,1,4.5,-67,24.0,1,4.75,-70,16.0,1,5.0,-73,13.0,1,5.25,-69,23.0,1,5.5,-63,13.0,1,5.75,-67,12.0,1,6.0
-34,15.0,1,0.0,-48,17.0,1,0.25,-56,14.0,1,0.5,-58,16.0,1,0.75,-61,14.0,1,1.0,-61,14.0,1,1.25,-62,14.0,1,1.5,-65,13.0,1,1.75,-64,16.0,1,2.0,-62,15.0,1,2.25,-67,15.0,1,2.5,-75,27.0,1,2.75,-74,16.0,1,3.0,-65,16.0,1,3.25,-66,15.0,1,3.5,-70,14.0,1,3.75,-66,17.0,1,4.0,-68,26.0,1,4.25,-66,13.0,1,4.5,-67,28.0,1,4.75,-70,17.0,1,5.0,-70,15.0,1,5.25,-68,28.0,1,5.5,-67,15.0,1,5.75,-67,13.0,1,6.0
-34,17.0,1,0.0,-48,18.0,1,0.25,-55,16.0,1,0.5,-57,19.0,1,0.75,-59,15.0,1,1.0,-63,16.0,1,1.25,-60,16.0,1,1.5,-64,15.0,1,1.75,-63,18.0,1,2.0,-65,17.0,1,2.25,-64,16.0,1,2.5,-65,31.0,1,2.75,-72,17.0,1,3.0,-65,17.0,1,3.25,-67,16.0,1,3.5,-75,16.0,1,3.75,-71,18.0,1,4.0,-68,27.0,1,4.25,-66,15.0,1,4.5,-68,31.0,1,4.75,-67,18.0,1,5.0,-71,16.0,1,5.25,-68,30.0,1,5.5,-68,16.0,1,5.75,-67,15.0,1,6.0
-33,18.0,1,0.0,-48,21.0,1,0.25,-55,17.0,1,0.5,-60,21.0,1,0.75,-65,16.0,1,1.0,-61,17.0,1,1.25,-61,17.0,1,1.5,-62,17.0,1,1.75,-64,19.0,1,2.0,-62,19.0,1,2.25,-64,17.0,1,2.5,-75,34.0,1,2.75,-68,18.0,1,3.0,-70,18.0,1,3.25,-67,18.0,1,3.5,-71,17.0,1,3.75,-72,20.0,1,4.0,-68,34.0,1,4.25,-65,16.0,1,4.5,-67,33.0,1,4.75,-70,20.0,1,5.0,-73,18.0,1,5.25,-69,32.0,1,5.5,-63,17.0,1,5.75,-67,16.0,1,6.0
-34,19.0,1,0.0,-51,22.0,1,0.25,-56,19.0,1,0.5,-60,22.0,1,0.75,-59,18.0,1,1.0,-61,18.0,1,1.25,-59,19.0,1,1.5,-62,19.0,1,1.75,-64,21.0,1,2.0,-62,20.0,1,2.25,-65,20.0,1,2.5,-64,36.0,1,2.75,-73,20.0,1,3.0,-64,20.0,1,3.25,-66,19.0,1,3.5,-75,18.0,1,3.75,-66,21.0,1,4.0,-68,35.0,1,4.25,-65,18.0,1,4.5,-68,37.0,1,4.75,-67,21.0,1,5.0,-71,19.0,1,5.25,-68,36.0,1,5.5,-68,19.0,1,5.75,-67,18.0,1,6.0
-33,21.0,1,0.0,-51,24.0,1,0.25,-56,21.0,1,0.5,-59,23.0,1,0.75,-58,19.0,1,1.0,-62,21.0,1,1.25,-60,21.0,1,1.5,-63,21.0,1,1.75,-63,22.0,1,2.0,-65,21.0,1,2.25,-65,21.0,1,2.5,-75,41.0,1,2.75,-70,21.0,1,3.0,-69,22.0,1,3.25,-67,24.0,1,3.5,-74,20.0,1,3.75,-72,22.0,1,4.0,-69,37.0,1,4.25,-68,19.0,1,4.5,-67,38.0,1,4.75,-70,23.0,1,5.0,-64,21.0,1,5.25,-68,39.0,1,5.5,-68,20.0,1,5.75,-67,19.0,1,6.0
-33,22.0,1,0.0,-48,25.0,1,0.25,-55,23.0,1,0.5,-57,27.0,1,0.75,-62,21.0,1,1.0,-64,23.0,1,1.25,-61,22.0,1,1.5,-64,23.0,1,1.75,-63,24.0,1,2.0,-65,24.0,1,2.25,-65,23.0,1,2.5,-75,42.0,1,2.75,-68,23.0,1,3.0,-65,23.0,1,3.25,-67,26.0,1,3.5,-72,21.0,1,3.75,-71,24.0,1,4.0,-68,38.0,1,4.25,-66,20.0,1,4.5,-67,42.0,1,4.75,-72,24.0,1,5.0,-72,22.0,1,5.25,-69,45.0,1,5.5,-63,21.0,1,5.75,-64,21.0,1,6.0
-33,24.0,1,0.0,-51,27.0,1,0.25,-54,24.0,1,0.5,-57,29.0,1,0.75,-59,22.0,1,1.0,-64,25.0,1,1.25,-60,23.0,1,1.5,-62,26.0,1,1.75,-63,26.0,1,2.0,-62,25.0,1,2.25,-64,25.0,1,2.5,-75,44.0,1,2.75,-68,24.0,1,3.0,-64,25.0,1,3.25,-66,27.0,1,3.5,-70,22.0,1,3.75,-71,27.0,1,4.0,-69,41.0,1,4.25,-66,22.0,1,4.5,-67,43.0,1,4.75,-72,25.0,1,5.0,-71,24.0,1,5.25,-68,47.0,1,5.5,-67,23.0,1,5.75,-67,22.0,1,6.0
-32,25.0,1,0.0,-51,28.0,1,0.25,-57,26.0,1,0.5,-57,31.0,1,0.75,-59,23.0,1,1.0,-61,27.0,1,1.25,-60,26.0,1,1.5,-64,28.0,1,1.75,-63,27.0,1,2.0,-64,27.0,1,2.25,-64,27.0,1,2.5,-66,45.0,1,2.75,-73,25.0,1,3.0,-64,27.0,1,3.25,-66,30.0,1,3.5,-75,24.0,1,3.75,-69,29.0,1,4.0,-68,43.0,1,4.25,-66,23.0,1,4.5,-66,44.0,1,4.75,-70,27.0,1,5.0,-73,26.0,1,5.25,-68,48.0,1,5.5,-68,24.0,1,5.75,-67,24.0,1,6.0
-34,26.0,1,0.0,-49,30.0,1,0.25,-55,27.0,1,0.5,-59,33.0,1,0.75,-63,25.0,1,1.0,-62,28.0,1,1.25,-62,27.0,1,1.5,-66,29.0,1,1.75,-64,29.0,1,2.0,-64,29.0,1,2.25,-68,28.0,1,2.5,-75,46.0,1,2.75,-67,27.0,1,3.0,-68,28.0,1,3.25,-66,31.0,1,3.5,-73,25.0,1,3.75,-71,30.0,1,4.0,-68,46.0,1,4.25,-69,25.0,1,4.5,-73,57.0,1,4.75,-71,28.0,1,5.0,-70,28.0,1,5.25,-69,49.0,1,5.5,-63,26.0,1,5.75,-67,30.0,1,6.0
-34,28.0,1,0.0,-51,31.0,1,0.25,-55,28.0,1,0.5,-57,34.0,1,0.75,-59,26.0,1,1.0,-62,29.0,1,1.25,-61,28.0,1,1.5,-63,31.0,1,1.75,-65,30.0,1,2.0,-62,30.0,1,2.25,-64,29.0,1,2.5,-66,48.0,1,2.75,-68,30.0,1,3.0,-64,29.0,1,3.25,-68,33.0,1,3.5,-73,27.0,1,3.75,-69,31.0,1,4.0,-68,49.0,1,4.25,-66,26.0,1,4.5,-74,58.0,1,4.75,-67,30.0,1,5.0,-73,29.0,1,5.25,-68,53.0,1,5.5,-67,27.0,1,5.75,-67,31.0,1,6.0
-33,29.0,1,0.0,-47,34.0,1,0.25,-56,30.0,1,0.5,-59,35.0,1,0.75,-63,28.0,1,1.0,-62,31.0,1,1.25,-60,30.0,1,1.5,-64,33.0,1,1.75,-64,31.0,1,2.0,-65,31.0,1,2.25,-65,31.0,1,2.5,-75,49.0,1,2.75,-67,31.0,1,3.0,-65,31.0,1,3.25,-68,34.0,1,3.5,-75,28.0,1,3.75,-66,33.0,1,4.0,-68,52.0,1,4.25,-69,27.0,1,4.5,-67,60.0,1,4.75,-71,31.0,1,5.0,-70,31.0,1,5.25,-68,55.0,1,5.5,-67,28.0,1,5.75,-66,33.0,1,6.0
-34,30.0,1,0.0,-51,36.0,1,0.25,-55,32.0,1,0.5,-59,37.0,1,0.75,-63,30.0,1,1.0,-63,34.0,1,1.25,-62,31.0,1,1.5,-64,35.0,1,1.75,-63,34.0,1,2.0,-65,33.0,1,2.25,-64,32.0,1,2.5,-66,51.0,1,2.75,-73,32.0,1,3.0,-64,32.0,1,3.25,-66,36.0,1,3.5,-72,29.0,1,3.75,-71,34.0,1,4.0,-67,54.0,1,4.25,-68,29.0,1,4.5,-68,61.0,1,4.75,-66,32.0,1,5.0,-65,33.0,1,5.25,-68,57.0,1,5.5,-64,30.0,1,5.75,-67,34.0,1,6.0
-34,32.0,1,0.0,-49,37.0,1,0.25,-56,33.0,1,0.5,-60,39.0,1,0.75,-59,32.0,1,1.0,-63,36.0,1,1.25,-60,33.0,1,1.5,-64,36.0,1,1.75,-63,36.0,1,2.0,-64,34.0,1,2.25,-64,34.0,1,2.5,-66,52.0,1,2.75,-67,34.0,1,3.0,-66,33.0,1,3.25,-67,37.0,1,3.5,-75,31.0,1,3.75,-67,36.0,1,4.0,-67,57.0,1,4.25,-68,30.0,1,4.5,-69,62.0,1,4.75,-67,34.0,1,5.0,-65,34.0,1,5.25,-68,60.0,1,5.5,-67,31.0,1,5.75,-66,35.0,1,6.0
-33,33.0,1,0.0,-51,39.0,1,0.25,-55,34.0,1,0.5,-59,40.0,1,0.75,-63,34.0,1,1.0,-63,38.0,1,1.25,-61,34.0,1,1.5,-62,38.0,1,1.75,-63,37.0,1,2.0,-64,36.0,1,2.25,-65,35.0,1,2.5,-74,53.0,1,2.75,-68,35.0,1,3.0,-69,35.0,1,3.25,-67,39.0,1,3.5,-75,32.0,1,3.75,-68,37.0,1,4.0,-68,61.0,1,4.25,-68,32.0,1,4.5,-67,64.0,1,4.75,-70,35.0,1,5.0,-70,35.0,1,5.25,-68,62.0,1,5.5,-69,33.0,1,5.75,-68,37.0,1,6.0
-34,36.0,1,0.0,-48,40.0,1,0.25,-55,36.0,1,0.5,-59,42.0,1,0.75,-60,36.0,1,1.0,-62,39.0,1,1.25,-61,35.0,1,1.5,-65,40.0,1,1.75,-63,39.0,1,2.0,-63,38.0,1,2.25,-64,36.0,1,2.5,-74,55.0,1,2.75,-74,37.0,1,3.0,-67,36.0,1,3.25,-66,40.0,1,3.5,-75,33.0,1,3.75,-67,40.0,1,4.0,-67,67.0,1,4.25,-67,33.0,1,4.5,-69,65.0,1,4.75,-66,36.0,1,5.0,-75,37.0,1,5.25,-67,65.0,1,5.5,-62,34.0,1,5.75,-66,38.0,1,6.0
-33,37.0,1,0.0,-48,42.0,1,0.25,-56,38.0,1,0.5,-63,43.0,1,0.75,-69,37.0,1,1.0,-62,40.0,1,1.25,-60,38.0,1,1.5,-65,41.0,1,1.75,-64,40.0,1,2.0,-63,40.0,1,2.25,-64,38.0,1,2.5,-66,56.0,1,2.75,-68,39.0,1,3.0,-67,38.0,1,3.25,-67,42.0,1,3.5,-74,35.0,1,3.75,-71,42.0,1,4.0,-67,68.0,1,4.25,-69,34.0,1,4.5,-69,68.0,1,4.75,-66,38.0,1,5.0,-73,39.0,1,5.25,-68,73.0,1,5.5,-63,36.0,1,5.75,-65,40.0,1,6.0
-33,39.0,1,0.0,-51,43.0,1,0.25,-55,39.0,1,0.5,-60,45.0,1,0.75,-59,39.0,1,1.0,-62,42.0,1,1.25,-62,39.0,1,1.5,-62,42.0,1,1.75,-64,43.0,1,2.0,-66,41.0,1,2.25,-65,39.0,1,2.5,-74,58.0,1,2.75,-68,41.0,1,3.0,-69,39.0,1,3.25,-66,43.0,1,3.5,-74,36.0,1,3.75,-71,43.0,1,4.0,-67,71.0,1,4.25,-70,36.0,1,4.5,-67,69.0,1,4.75,-71,39.0,1,5.0,-70,40.0,1,5.25,-68,76.0,1,5.5,-62,37.0,1,5.75,-65,41.0,1,6.0
-32,40.0,1,0.0,-47,45.0,1,0.25,-55,41.0,1,0.5,-60,46.0,1,0.75,-59,40.0,1,1.0,-62,43.0,1,1.25,-62,43.0,1,1.5,-65,44.0,1,1.75,-64,45.0,1,2.0,-66,42.0,1,2.25,-65,40.0,1,2.5,-69,59.0,1,2.75,-73,43.0,1,3.0,-65,40.0,1,3.25,-67,45.0,1,3.5,-74,38.0,1,3.75,-64,44.0,1,4.0,-67,73.0,1,4.25,-66,37.0,1,4.5,-67,71.0,1,4.75,-66,41.0,1,5.0,-70,41.0,1,5.25,-69,77.0,1,5.5,-68,39.0,1,5.75,-66,42.0,1,6.0
-33,41.0,1,0.0,-48,46.0,1,0.25,-55,42.0,1,0.5,-60,47.0,1,0.75,-65,42.0,1,1.0,-63,44.0,1,1.25,-62,44.0,1,1.5,-62,45.0,1,1.75,-65,46.0,1,2.0,-65,44.0,1,2.25,-65,42.0,1,2.5,-64,60.0,1,2.75,-73,45.0,1,3.0,-69,42.0,1,3.25,-66,46.0,1,3.5,-74,40.0,1,3.75,-71,46.0,1,4.0,-67,75.0,1,4.25,-68,38.0,1,4.5,-67,72.0,1,4.75,-66,42.0,1,5.0,-73,46.0,1,5.25,-68,84.0,1,5.5,-63,40.0,1,5.75,-65,44.0,1,6.0
-34,43.0,1,0.0,-51,47.0,1,0.25,-52,43.0,1,0.5,-60,49.0,1,0.75,-59,43.0,1,1.0,-61,46.0,1,1.25,-61,45.0,1,1.5,-62,46.0,1,1.75,-64,49.0,1,2.0,-65,45.0,1,2.25,-65,43.0,1,2.5,-64,62.0,1,2.75,-67,46.0,1,3.0,-64,45.0,1,3.25,-66,48.0,1,3.5,-71,42.0,1,3.75,-67,48.0,1,4.0,-67,82.0,1,4.25,-69,40.0,1,4.5,-67,74.0,1,4.75,-71,44.0,1,5.0,-70,48.0,1,5.25,-69,88.0,1,5.5,-63,42.0,1,5.75,-66,45.0,1,6.0
-35,46.0,1,0.0,-51,49.0,1,0.25,-54,45.0,1,0.5,-57,50.0,1,0.75,-59,48.0,1,1.0,-63,47.0,1,1.25,-61,47.0,1,1.5,-65,48.0,1,1.75,-63,50.0,1,2.0,-65,47.0,1,2.25,-64,45.0,1,2.5,-68,63.0,1,2.75,-67,47.0,1,3.0,-65,48.0,1,3.25,-67,49.0,1,3.5,-71,45.0,1,3.75,-71,50.0,1,4.0,-68,84.0,1,4.25,-65,41.0,1,4.5,-68,75.0,1,4.75,-67,45.0,1,5.0,-72,51.0,1,5.25,-69,91.0,1,5.5,-63,43.0,1,5.75,-66,47.0,1,6.0
-33,48.0,1,0.0,-48,50.0,1,0.25,-57,47.0,1,0.5,-59,51.0,1,0.75,-60,50.0,1,1.0,-62,49.0,1,1.25,-60,49.0,1,1.5,-62,49.0,1,1.75,-63,52.0,1,2.0,-65,48.0,1,2.25,-64,46.0,1,2.5,-74,66.0,1,2.75,-73,49.0,1,3.0,-70,50.0,1,3.25,-66,51.0,1,3.5,-71,47.0,1,3.75,-71,51.0,1,4.0,-68,87.0,1,4.25,-68,43.0,1,4.5,-68,77.0,1,4.75,-67,46.0,1,5.0,-69,52.0,1,5.25,-69,92.0,1,5.5,-63,44.0,1,5.75,-66,48.0,1,6.0
-34,50.0,1,0.0,-51,51.0,1,0.25,-54,48.0,1,0.5,-59,53.0,1,0.75,-69,52.0,1,1.0,-62,50.0,1,1.25,-61,50.0,1,1.5,-63,51.0,1,1.75,-64,53.0,1,2.0,-62,51.0,1,2.25,-65,47.0,1,2.5,-66,67.0,1,2.75,-67,50.0,1,3.0,-69,51.0,1,3.25,-66,52.0,1,3.5,-75,48.0,1,3.75,-67,52.0,1,4.0,-68,91.0,1,4.25,-68,44.0,1,4.5,-68,78.0,1,4.75,-70,48.0,1,5.0,-71,55.0,1,5.25,-69,95.0,1,5.5,-63,46.0,1,5.75,-67,49.0,1,6.0
-34,51.0,1,0.0,-47,53.0,1,0.25,-55,50.0,1,0.5,-60,55.0,1,0.75,-69,54.0,1,1.0,-63,51.0,1,1.25,-61,51.0,1,1.5,-64,52.0,1,1.75,-63,57.0,1,2.0,-65,52.0,1,2.25,-65,49.0,1,2.5,-66,69.0,1,2.75,-68,54.0,1,3.0,-65,53.0,1,3.25,-67,53.0,1,3.5,-71,49.0,1,3.75,-72,54.0,1,4.0,-68,92.0,1,4.25,-66,45.0,1,4.5,-68,79.0,1,4.75,-67,49.0,1,5.0,-73,57.0,1,5.25,-69,96.0,1,5.5,-68,47.0,1,5.75,-67,51.0,1,6.0
-34,52.0,1,0.0,-48,54.0,1,0.25,-55,53.0,1,0.5,-58,56.0,1,0.75,-59,55.0,1,1.0,-62,53.0,1,1.25,-60,53.0,1,1.5,-63,53.0,1,1.75,-63,58.0,1,2.0,-63,54.0,1,2.25,-68,51.0,1,2.5,-75,71.0,1,2.75,-73,56.0,1,3.0,-70,54.0,1,3.25,-67,55.0,1,3.5,-72,52.0,1,3.75,-72,55.0,1,4.0,-68,94.0,1,4.25,-69,47.0,1,4.5,-72,81.0,1,4.75,-67,52.0,1,5.0,-73,59.0,1,5.25,-68,99.0,1,5.5,-63,48.0,1,5.75,-68,52.0,1,6.0
-33,54.0,1,0.0,-51,56.0,1,0.25,-57,54.0,1,0.5,-59,57.0,1,0.75,-65,56.0,1,1.0,-62,54.0,1,1.25,-61,54.0,1,1.5,-64,56.0,1,1.75,-64,60.0,1,2.0,-64,55.0,1,2.25,-65,53.0,1,2.5,-66,72.0,1,2.75,-70,57.0,1,3.0,-69,56.0,1,3.25,-66,56.0,1,3.5,-72,54.0,1,3.75,-69,56.0,1,4.0,-68,98.0,1,4.25,-69,48.0,1,4.5,-72,82.0,1,4.75,-67,53.0,1,5.0,-72,60.0,1,5.25,-68,103.0,1,5.5,-63,50.0,1,5.75,-66,54.0,1,6.0
-34,55.0,1,0.0,-48,57.0,1,0.25,-54,56.0,1,0.5,-57,59.0,1,0.75,-63,58.0,1,1.0,-63,56.0,1,1.25,-63,56.0,1,1.5,-62,57.0,1,1.75,-64,62.0,1,2.0,-62,58.0,1,2.25,-65,54.0,1,2.5,-66,75.0,1,2.75,-67,58.0,1,3.0,-64,57.0,1,3.25,-67,57.0,1,3.5,-68,55.0,1,3.75,-71,58.0,1,4.0,-67,106.0,1,4.25,-66,49.0,1,4.5,-73,85.0,1,4.75,-67,56.0,1,5.0,-72,61.0,1,5.25,-69,107.0,1,5.5,-68,52.0,1,5.75,-67,55.0,1,6.0
-33,57.0,1,0.0,-48,58.0,1,0.25,-54,57.0,1,0.5,-59,60.0,1,0.75,-59,59.0,1,1.0,-62,57.0,1,1.25,-61,57.0,1,1.5,-63,59.0,1,1.75,-64,63.0,1,2.0,-62,59.0,1,2.25,-65,56.0,1,2.5,-67,77.0,1,2.75,-73,60.0,1,3.0,-70,58.0,1,3.25,-66,59.0,1,3.5,-71,57.0,1,3.75,-71,59.0,1,4.0,-67,110.0,1,4.25,-69,51.0,1,4.5,-68,86.0,1,4.75,-67,57.0,1,5.0,-70,63.0,1,5.25,-69,112.0,1,5.5,-62,55.0,1,5.75,-66,56.0,1,6.0
-34,59.0,1,0.0,-51,60.0,1,0.25,-57,59.0,1,0.5,-57,63.0,1,0.75,-63,62.0,1,1.0,-61,58.0,1,1.25,-63,58.0,1,1.5,-65,60.0,1,1.75,-63,64.0,1,2.0,-65,61.0,1,2.25,-64,57.0,1,2.5,-75,78.0,1,2.75,-70,61.0,1,3.0,-70,60.0,1,3.25,-66,60.0,1,3.5,-68,58.0,1,3.75,-66,60.0,1,4.0,-67,112.0,1,4.25,-68,53.0,1,4.5,-68,88.0,1,4.75,-67,58.0,1,5.0,-70,64.0,1,5.25,-68,118.0,1,5.5,-68,56.0,1,5.75,-67,58.0,1,6.0
-34,61.0,1,0.0,-49,61.0,1,0.25,-54,60.0,1,0.5,-58,65.0,1,0.75,-63,63.0,1,1.0,-61,60.0,1,1.25,-63,60.0,1,1.5,-63,62.0,1,1.75,-63,66.0,1,2.0,-62,63.0,1,2.25,-65,58.0,1,2.5,-68,80.0,1,2.75,-70,63.0,1,3.0,-65,61.0,1,3.25,-67,62.0,1,3.5,-68,60.0,1,3.75,-66,62.0,1,4.0,-67,114.0,1,4.25,-68,54.0,1,4.5,-68,89.0,1,4.75,-71,60.0,1,5.0,-72,66.0,1,5.25,-73,-0.0,2,5.5,-62,58.0,1,5.75,-66,59.0,1,6.0
-35,62.0,1,0.0,-48,62.0,1,0.25,-56,62.0,1,0.5,-60,66.0,1,0.75,-63,65.0,1,1.0,-62,61.0,1,1.25,-63,61.0,1,1.5,-63,63.0,1,1.75,-64,67.0,1,2.0,-65,64.0,1,2.25,-66,60.0,1,2.5,-75,81.0,1,2.75,-73,64.0,1,3.0,-69,62.0,1,3.25,-67,63.0,1,3.5,-71,61.0,1,3.75,-68,63.0,1,4.0,-67,115.0,1,4.25,-69,56.0,1,4.5,-73,93.0,1,4.75,-67,61.0,1,5.0,-69,67.0,1,5.25,-75,1.0,2,5.5,-68,62.0,1,5.75,-66,60.0,1,6.0
-34,63.0,1,0.0,-51,64.0,1,0.25,-57,63.0,1,0.5,-58,68.0,1,0.75,-63,66.0,1,1.0,-62,64.0,1,1.25,-62,62.0,1,1.5,-64,64.0,1,1.75,-63,69.0,1,2.0,-62,66.0,1,2.25,-65,61.0,1,2.5,-75,82.0,1,2.75,-73,65.0,1,3.0,-75,64.0,1,3.25,-67,64.0,1,3.5,-71,62.0,1,3.75,-66,65.0,1,4.0,-68,116.0,1,4.25,-66,58.0,1,4.5,-68,94.0,1,4.75,-67,63.0,1,5.0,-70,68.0,1,5.25,-74,3.0,2,5.5,-67,64.0,1,5.75,-66,62.0,1,6.0
-34,65.0,1,0.0,-48,65.0,1,0.25,-54,64.0,1,0.5,-58,69.0,1,0.75,-59,67.0,1,1.0,-62,65.0,1,1.25,-61,64.0,1,1.5,-62,66.0,1,1.75,-63,70.0,1,2.0,-65,69.0,1,2.25,-65,62.0,1,2.5,-68,84.0,1,2.75,-73,67.0,1,3.0,-65,65.0,1,3.25,-68,66.0,1,3.5,-67,64.0,1,3.75,-73,66.0,1,4.0,-74,-0.0,2,4.25,-69,59.0,1,4.5,-73,96.0,1,4.75,-70,64.0,1,5.0,-72,70.0,1,5.25,-74,4.0,2,5.5,-62,65.0,1,5.75,-67,63.0,1,6.0
-33,66.0,1,0.0,-48,67.0,1,0.25,-54,66.0,1,0.5,-57,71.0,1,0.75,-63,69.0,1,1.0,-63,67.0,1,1.25,-61,65.0,1,1.5,-62,67.0,1,1.75,-63,71.0,1,2.0,-62,70.0,1,2.25,-67,64.0,1,2.5,-66,88.0,1,2.75,-73,68.0,1,3.0,-70,67.0,1,3.25,-66,67.0,1,3.5,-71,65.0,1,3.75,-69,67.0,1,4.0,-74,1.0,2,4.25,-68,61.0,1,4.5,-68,98.0,1,4.75,-67,65.0,1,5.0,-70,71.0,1,5.25,-74,7.0,2,5.5,-67,66.0,1,5.75,-66,65.0,1,6.0
-36,67.0,1,0.0,-48,68.0,1,0.25,-57,67.0,1,0.5,-59,72.0,1,0.75,-63,70.0,1,1.0,-62,68.0,1,1.25,-61,67.0,1,1.5,-64,68.0,1,1.75,-63,74.0,1,2.0,-65,71.0,1,2.25,-67,65.0,1,2.5,-66,89.0,1,2.75,-72,72.0,1,3.0,-75,68.0,1,3.25,-67,69.0,1,3.5,-75,66.0,1,3.75,-66,69.0,1,4.0,-71,4.0,2,4.25,-68,62.0,1,4.5,-68,99.0,1,4.75,-69,67.0,1,5.0,-70,73.0,1,5.25,-74,8.0,2,5.5,-67,68.0,1,5.75,-67,66.0,1,6.0
-33,69.0,1,0.0,-49,69.0,1,0.25,-54,68.0,1,0.5,-58,73.0,1,0.75,-59,72.0,1,1.0,-61,70.0,1,1.25,-61,68.0,1,1.5,-63,70.0,1,1.75,-63,75.0,1,2.0,-67,73.0,1,2.25,-65,67.0,1,2.5,-64,91.0,1,2.75,-67,74.0,1,3.0,-65,71.0,1,3.25,-68,70.0,1,3.5,-74,68.0,1,3.75,-72,70.0,1,4.0,-71,6.0,2,4.25,-66,63.0,1,4.5,-73,101.0,1,4.75,-70,68.0,1,5.0,-73,74.0,1,5.25,-74,11.0,2,5.5,-67,69.0,1,5.75,-66,67.0,1,6.0
-34,70.0,1,0.0,-48,71.0,1,0.25,-57,70.0,1,0.5,-57,75.0,1,0.75,-62,73.0,1,1.0,-61,71.0,1,1.25,-61,69.0,1,1.5,-60,71.0,1,1.75,-63,77.0,1,2.0,-62,74.0,1,2.25,-65,68.0,1,2.5,-66,92.0,1,2.75,-67,75.0,1,3.0,-74,72.0,1,3.25,-68,71.0,1,3.5,-71,70.0,1,3.75,-72,72.0,1,4.0,-75,10.0,2,4.25,-69,64.0,1,4.5,-69,104.0,1,4.75,-66,69.0,1,5.0,-70,75.0,1,5.25,-75,14.0,2,5.5,-67,70.0,1,5.75,-71,69.0,1,6.0
-34,72.0,1,0.0,-51,72.0,1,0.25,-59,71.0,1,0.5,-58,76.0,1,0.75,-57,74.0,1,1.0,-63,73.0,1,1.25,-61,71.0,1,1.5,-64,73.0,1,1.75,-63,78.0,1,2.0,-67,76.0,1,2.25,-69,69.0,1,2.5,-75,93.0,1,2.75,-67,76.0,1,3.0,-65,75.0,1,3.25,-67,73.0,1,3.5,-72,73.0,1,3.75,-66,73.0,1,4.0,-72,11.0,2,4.25,-69,66.0,1,4.5,-67,106.0,1,4.75,-70,71.0,1,5.0,-72,78.0,1,5.25,-73,15.0,2,5.5,-67,72.0,1,5.75,-66,70.0,1,6.0
-34,73.0,1,0.0,-49,73.0,1,0.25,-54,73.0,1,0.5,-60,78.0,1,0.75,-57,76.0,1,1.0,-62,74.0,1,1.25,-61,74.0,1,1.5,-62,74.0,1,1.75,-66,80.0,1,2.0,-67,77.0,1,2.25,-65,71.0,1,2.5,-66,95.0,1,2.75,-71,78.0,1,3.0,-65,77.0,1,3.25,-68,74.0,1,3.5,-75,74.0,1,3.75,-66,77.0,1,4.0,-72,12.0,2,4.25,-69,67.0,1,4.5,-68,107.0,1,4.75,-70,72.0,1,5.0,-70,79.0,1,5.25,-73,19.0,2,5.5,-63,73.0,1,5.75,-67,71.0,1,6.0
-33,75.0,1,0.0,-51,75.0,1,0.25,-54,74.0,1,0.5,-57,79.0,1,0.75,-60,77.0,1,1.0,-63,76.0,1,1.25,-61,75.0,1,1.5,-63,76.0,1,1.75,-66,81.0,1,2.0,-65,78.0,1,2.25,-65,72.0,1,2.5,-66,96.0,1,2.75,-65,79.0,1,3.0,-70,80.0,1,3.25,-66,75.0,1,3.5,-75,77.0,1,3.75,-72,78.0,1,4.0,-71,19.0,2,4.25,-69,69.0,1,4.5,-67,109.0,1,4.75,-70,74.0,1,5.0,-65,81.0,1,5.25,-71,23.0,2,5.5,-68,75.0,1,5.75,-67,73.0,1,6.0
-32,76.0,1,0.0,-51,76.0,1,0.25,-59,75.0,1,0.5,-58,80.0,1,0.75,-59,78.0,1,1.0,-62,78.0,1,1.25,-60,78.0,1,1.5,-64,78.0,1,1.75,-63,82.0,1,2.0,-66,80.0,1,2.25,-65,73.0,1,2.5,-66,97.0,1,2.75,-65,80.0,1,3.0,-65,83.0,1,3.25,-68,78.0,1,3.5,-72,78.0,1,3.75,-66,80.0,1,4.0,-71,21.0,2,4.25,-66,70.0,1,4.5,-68,110.0,1,4.75,-71,75.0,1,5.0,-73,82.0,1,5.25,-73,25.0,2,5.5,-68,76.0,1,5.75,-67,74.0,1,6.0
-33,77.0,1,0.0,-48,78.0,1,0.25,-54,76.0,1,0.5,-57,82.0,1,0.75,-60,80.0,1,1.0,-62,79.0,1,1.25,-60,79.0,1,1.5,-64,79.0,1,1.75,-64,85.0,1,2.0,-62,82.0,1,2.25,-65,75.0,1,2.5,-64,100.0,1,2.75,-72,82.0,1,3.0,-65,85.0,1,3.25,-66,80.0,1,3.5,-73,81.0,1,3.75,-66,81.0,1,4.0,-71,25.0,2,4.25,-69,73.0,1,4.5,-68,112.0,1,4.75,-67,78.0,1,5.0,-70,84.0,1,5.25,-71,27.0,2,5.5,-64,78.0,1,5.75,-68,77.0,1,6.0
-33,79.0,1,0.0,-51,79.0,1,0.25,-55,78.0,1,0.5,-57,83.0,1,0.75,-60,81.0,1,1.0,-62,81.0,1,1.25,-63,80.0,1,1.5,-64,81.0,1,1.75,-63,86.0,1,2.0,-62,84.0,1,2.25,-71,76.0,1,2.5,-74,102.0,1,2.75,-68,83.0,1,3.0,-65,86.0,1,3.25,-67,81.0,1,3.5,-73,82.0,1,3.75,-71,83.0,1,4.0,-75,26.0,2,4.25,-66,75.0,1,4.5,-68,113.0,1,4.75,-71,79.0,1,5.0,-73,85.0,1,5.25,-74,30.0,2,5.5,-68,79.0,1,5.75,-67,78.0,1,6.0
-29,80.0,1,0.0,-48,82.0,1,0.25,-54,79.0,1,0.5,-57,84.0,1,0.75,-59,83.0,1,1.0,-62,82.0,1,1.25,-60,82.0,1,1.5,-63,82.0,1,1.75,-64,88.0,1,2.0,-68,85.0,1,2.25,-71,78.0,1,2.5,-64,103.0,1,2.75,-73,84.0,1,3.0,-68,88.0,1,3.25,-67,82.0,1,3.5,-71,86.0,1,3.75,-71,84.0,1,4.0,-71,27.0,2,4.25,-69,76.0,1,4.5,-68,115.0,1,4.75,-70,81.0,1,5.0,-72,86.0,1,5.25,-71,34.0,2,5.5,-63,82.0,1,5.75,-67,80.0,1,6.0
-33,81.0,1,0.0,-51,83.0,1,0.25,-54,81.0,1,0.5,-59,86.0,1,0.75,-58,84.0,1,1.0,-62,85.0,1,1.25,-61,83.0,1,1.5,-64,85.0,1,1.75,-63,91.0,1,2.0,-62,86.0,1,2.25,-65,79.0,1,2.5,-68,105.0,1,2.75,-68,86.0,1,3.0,-65,89.0,1,3.25,-66,86.0,1,3.5,-75,88.0,1,3.75,-66,85.0,1,4.0,-71,30.0,2,4.25,-66,77.0,1,4.5,-67,117.0,1,4.75,-67,82.0,1,5.0,-70,88.0,1,5.25,-74,35.0,2,5.5,-67,83.0,1,5.75,-66,81.0,1,6.0
-36,83.0,1,0.0,-51,84.0,1,0.25,-57,82.0,1,0.5,-56,87.0,1,0.75,-62,85.0,1,1.0,-62,87.0,1,1.25,-61,84.0,1,1.5,-64,86.0,1,1.75,-64,92.0,1,2.0,-65,88.0,1,2.25,-65,80.0,1,2.5,-75,106.0,1,2.75,-65,88.0,1,3.0,-65,90.0,1,3.25,-66,88.0,1,3.5,-71,89.0,1,3.75,-71,87.0,1,4.0,-71,34.0,2,4.25,-66,79.0,1,4.5,-67,118.0,1,4.75,-70,84.0,1,5.0,-72,89.0,1,5.25,-74,37.0,2,5.5,-68,84.0,1,5.75,-66,83.0,1,6.0
-36,84.0,1,0.0,-48,86.0,1,0.25,-54,83.0,1,0.5,-59,89.0,1,0.75,-60,87.0,1,1.0,-63,89.0,1,1.25,-60,86.0,1,1.5,-65,88.0,1,1.75,-64,93.0,1,2.0,-65,89.0,1,2.25,-65,82.0,1,2.5,-66,108.0,1,2.75,-72,89.0,1,3.0,-69,92.0,1,3.25,-67,89.0,1,3.5,-71,90.0,1,3.75,-71,88.0,1,4.0,-75,40.0,2,4.25,-68,80.0,1,4.5,-71,119.0,1,4.75,-71,85.0,1,5.0,-74,90.0,1,5.25,-74,38.0,2,5.5,-68,86.0,1,5.75,-64,84.0,1,6.0
-33,86.0,1,0.0,-51,87.0,1,0.25,-54,85.0,1,0.5,-59,90.0,1,0.75,-60,88.0,1,1.0,-61,90.0,1,1.25,-64,87.0,1,1.5,-64,89.0,1,1.75,-64,95.0,1,2.0,-62,91.0,1,2.25,-65,83.0,1,2.5,-75,113.0,1,2.75,-67,91.0,1,3.0,-65,93.0,1,3.25,-68,91.0,1,3.5,-68,93.0,1,3.75,-66,90.0,1,4.0,-75,41.0,2,4.25,-65,82.0,1,4.5,-66,-0.0,2,4.75,-68,88.0,1,5.0,-70,92.0,1,5.25,-71,41.0,2,5.5,-62,88.0,1,5.75,-66,87.0,1,6.0
-34,88.0,1,0.0,-48,89.0,1,0.25,-57,86.0,1,0.5,-57,91.0,1,0.75,-63,89.0,1,1.0,-63,91.0,1,1.25,-62,89.0,1,1.5,-65,92.0,1,1.75,-63,96.0,1,2.0,-65,92.0,1,2.25,-65,85.0,1,2.5,-69,116.0,1,2.75,-72,92.0,1,3.0,-65,95.0,1,3.25,-68,92.0,1,3.5,-75,95.0,1,3.75,-66,91.0,1,4.0,-72,43.0,2,4.25,-69,84.0,1,4.5,-66,1.0,2,4.75,-69,90.0,1,5.0,-73,93.0,1,5.25,-74,42.0,2,5.5,-63,90.0,1,5.75,-66,88.0,1,6.0
-33,90.0,1,0.0,-51,90.0,1,0.25,-57,88.0,1,0.5,-57,94.0,1,0.75,-59,91.0,1,1.0,-62,93.0,1,1.25,-60,90.0,1,1.5,-65,93.0,1,1.75,-64,97.0,1,2.0,-62,93.0,1,2.25,-65,86.0,1,2.5,-73,118.0,1,2.75,-67,94.0,1,3.0,-64,97.0,1,3.25,-67,93.0,1,3.5,-72,97.0,1,3.75,-71,92.0,1,4.0,-75,45.0,2,4.25,-64,86.0,1,4.5,-64,2.0,2,4.75,-68,91.0,1,5.0,-73,95.0,1,5.25,-70,45.0,2,5.5,-63,91.0,1,5.75,-68,89.0,1,6.0
-33,91.0,1,0.0,-48,92.0,1,0.25,-57,89.0,1,0.5,-57,95.0,1,0.75,-65,94.0,1,1.0,-62,94.0,1,1.25,-61,91.0,1,1.5,-65,95.0,1,1.75,-63,99.0,1,2.0,-64,95.0,1,2.25,-66,87.0,1,2.5,-75,119.0,1,2.75,-72,96.0,1,3.0,-69,100.0,1,3.25,-66,95.0,1,3.5,-75,102.0,1,3.75,-66,96.0,1,4.0,-74,48.0,2,4.25,-66,87.0,1,4.5,-66,4.0,2,4.75,-69,92.0,1,5.0,-69,96.0,1,5.25,-74,47.0,2,5.5,-67,94.0,1,5.75,-67,91.0,1,6.0
-34,92.0,1,0.0,-48,94.0,1,0.25,-57,90.0,1,0.5,-58,97.0,1,0.75,-59,95.0,1,1.0,-62,95.0,1,1.25,-60,93.0,1,1.5,-65,97.0,1,1.75,-63,100.0,1,2.0,-65,96.0,1,2.25,-65,89.0,1,2.5,-69,-0.0,2,2.75,-72,97.0,1,3.0,-65,101.0,1,3.25,-67,96.0,1,3.5,-71,108.0,1,3.75,-71,98.0,1,4.0,-74,50.0,2,4.25,-69,89.0,1,4.5,-66,5.0,2,4.75,-69,94.0,1,5.0,-72,97.0,1,5.25,-72,48.0,2,5.5,-65,95.0,1,5.75,-64,92.0,1,6.0
-33,94.0,1,0.0,-51,95.0,1,0.25,-54,93.0,1,0.5,-56,98.0,1,0.75,-59,96.0,1,1.0,-62,97.0,1,1.25,-60,94.0,1,1.5,-63,99.0,1,1.75,-63,102.0,1,2.0,-63,98.0,1,2.25,-66,92.0,1,2.5,-70,2.0,2,2.75,-67,98.0,1,3.0,-65,102.0,1,3.25,-68,97.0,1,3.5,-71,109.0,1,3.75,-72,99.0,1,4.0,-74,51.0,2,4.25,-66,90.0,1,4.5,-65,7.0,2,4.75,-68,96.0,1,5.0,-72,99.0,1,5.25,-74,49.0,2,5.5,-67,97.0,1,5.75,-66,93.0,1,6.0
-33,95.0,1,0.0,-47,97.0,1,0.25,-59,95.0,1,0.5,-59,100.0,1,0.75,-59,98.0,1,1.0,-61,99.0,1,1.25,-61,96.0,1,1.5,-63,101.0,1,1.75,-63,103.0,1,2.0,-62,99.0,1,2.25,-65,93.0,1,2.5,-70,4.0,2,2.75,-73,100.0,1,3.0,-66,104.0,1,3.25,-68,99.0,1,3.5,-75,111.0,1,3.75,-67,101.0,1,4.0,-75,52.0,2,4.25,-68,93.0,1,4.5,-65,8.0,2,4.75,-71,97.0,1,5.0,-69,101.0,1,5.25,-75,51.0,2,5.5,-67,98.0,1,5.75,-67,95.0,1,6.0
-34,96.0,1,0.0,-48,100.0,1,0.25,-53,97.0,1,0.5,-59,101.0,1,0.75,-63,99.0,1,1.0,-62,100.0,1,1.25,-60,97.0,1,1.5,-61,102.0,1,1.75,-64,104.0,1,2.0,-65,101.0,1,2.25,-65,95.0,1,2.5,-70,5.0,2,2.75,-73,101.0,1,3.0,-65,105.0,1,3.25,-67,100.0,1,3.5,-74,112.0,1,3.75,-72,103.0,1,4.0,-74,54.0,2,4.25,-66,94.0,1,4.5,-66,9.0,2,4.75,-71,99.0,1,5.0,-70,104.0,1,5.25,-70,52.0,2,5.5,-67,100.0,1,5.75,-64,96.0,1,6.0
-33,98.0,1,0.0,-48,102.0,1,0.25,-54,98.0,1,0.5,-57,102.0,1,0.75,-59,100.0,1,1.0,-62,101.0,1,1.25,-60,98.0,1,1.5,-64,104.0,1,1.75,-63,106.0,1,2.0,-62,102.0,1,2.25,-67,96.0,1,2.5,-70,6.0,2,2.75,-67,103.0,1,3.0,-71,107.0,1,3.25,-67,101.0,1,3.5,-71,113.0,1,3.75,-72,104.0,1,4.0,-71,58.0,2,4.25,-66,96.0,1,4.5,-66,11.0,2,4.75,-68,100.0,1,5.0,-71,106.0,1,5.25,-70,55.0,2,5.5,-67,101.0,1,5.75,-67,98.0,1,6.0
-34,99.0,1,0.0,-49,105.0,1,0.25,-54,100.0,1,0.5,-58,104.0,1,0.75,-62,102.0,1,1.0,-62,103.0,1,1.25,-63,100.0,1,1.5,-64,106.0,1,1.75,-63,107.0,1,2.0,-63,104.0,1,2.25,-65,98.0,1,2.5,-70,11.0,2,2.75,-72,104.0,1,3.0,-70,108.0,1,3.25,-66,103.0,1,3.5,-71,115.0,1,3.75,-72,105.0,1,4.0,-75,59.0,2,4.25,-69,97.0,1,4.5,-66,12.0,2,4.75,-72,103.0,1,5.0,-70,107.0,1,5.25,-73,57.0,2,5.5,-67,102.0,1,5.75,-67,99.0,1,6.0
-33,102.0,1,0.0,-49,106.0,1,0.25,-55,101.0,1,0.5,-59,105.0,1,0.75,-59,103.0,1,1.0,-63,105.0,1,1.25,-61,102.0,1,1.5,-63,107.0,1,1.75,-63,108.0,1,2.0,-65,105.0,1,2.25,-67,100.0,1,2.5,-70,12.0,2,2.75,-73,105.0,1,3.0,-70,109.0,1,3.25,-66,104.0,1,3.5,-70,116.0,1,3.75,-72,107.0,1,4.0,-75,65.0,2,4.25,-66,99.0,1,4.5,-66,14.0,2,4.75,-69,104.0,1,5.0,-71,108.0,1,5.25,-74,58.0,2,5.5,-65,104.0,1,5.75,-66,100.0,1,6.0
-33,105.0,1,0.0,-51,108.0,1,0.25,-57,103.0,1,0.5,-59,107.0,1,0.75,-59,105.0,1,1.0,-62,107.0,1,1.25,-61,104.0,1,1.5,-64,108.0,1,1.75,-63,110.0,1,2.0,-62,108.0,1,2.25,-69,102.0,1,2.5,-69,14.0,2,2.75,-67,107.0,1,3.0,-65,111.0,1,3.25,-67,106.0,1,3.5,-70,117.0,1,3.75,-67,109.0,1,4.0,-71,66.0,2,4.25,-70,101.0,1,4.5,-67,15.0,2,4.75,-72,106.0,1,5.0,-71,110.0,1,5.25,-74,60.0,2,5.5,-67,105.0,1,5.75,-66,102.0,1,6.0
-34,107.0,1,0.0,-48,109.0,1,0.25,-54,104.0,1,0.5,-58,108.0,1,0.75,-63,106.0,1,1.0,-63,108.0,1,1.25,-61,105.0,1,1.5,-62,110.0,1,1.75,-63,112.0,1,2.0,-63,109.0,1,2.25,-65,103.0,1,2.5,-70,18.0,2,2.75,-72,108.0,1,3.0,-64,113.0,1,3.25,-66,107.0,1,3.5,-72,119.0,1,3.75,-71,110.0,1,4.0,-74,69.0,2,4.25,-66,103.0,1,4.5,-67,16.0,2,4.75,-72,107.0,1,5.0,-71,111.0,1,5.25,-74,62.0,2,5.5,-67,106.0,1,5.75,-67,103.0,1,6.0
-34,108.0,1,0.0,-49,111.0,1,0.25,-59,106.0,1,0.5,-58,110.0,1,0.75,-61,107.0,1,1.0,-63,109.0,1,1.25,-62,106.0,1,1.5,-63,111.0,1,1.75,-63,113.0,1,2.0,-62,111.0,1,2.25,-67,105.0,1,2.5,-65,19.0,2,2.75,-72,109.0,1,3.0,-64,115.0,1,3.25,-67,108.0,1,3.5,-71,120.0,1,3.75,-70,112.0,1,4.0,-75,70.0,2,4.25,-68,104.0,1,4.5,-66,18.0,2,4.75,-69,108.0,1,5.0,-71,112.0,1,5.25,-71,66.0,2,5.5,-66,108.0,1,5.75,-65,104.0,1,6.0
-33,110.0,1,0.0,-51,112.0,1,0.25,-57,107.0,1,0.5,-57,111.0,1,0.75,-63,109.0,1,1.0,-63,111.0,1,1.25,-61,108.0,1,1.5,-63,113.0,1,1.75,-63,114.0,1,2.0,-62,113.0,1,2.25,-65,106.0,1,2.5,-72,22.0,2,2.75,-67,111.0,1,3.0,-69,116.0,1,3.25,-67,111.0,1,3.5,-71,-0.0,2,3.75,-64,113.0,1,4.0,-75,72.0,2,4.25,-64,106.0,1,4.5,-67,19.0,2,4.75,-72,110.0,1,5.0,-73,114.0,1,5.25,-74,70.0,2,5.5,-67,109.0,1,5.75,-65,106.0,1,6.0
-33,112.0,1,0.0,-51,113.0,1,0.25,-57,108.0,1,0.5,-58,114.0,1,0.75,-63,110.0,1,1.0,-63,112.0,1,1.25,-60,109.0,1,1.5,-63,114.0,1,1.75,-64,116.0,1,2.0,-63,114.0,1,2.25,-64,109.0,1,2.5,-69,27.0,2,2.75,-73,112.0,1,3.0,-69,117.0,1,3.25,-67,112.0,1,3.5,-74,1.0,2,3.75,-64,114.0,1,4.0,-72,73.0,2,4.25,-66,107.0,1,4.5,-66,20.0,2,4.75,-72,111.0,1,5.0,-72,115.0,1,5.25,-75,73.0,2,5.5,-62,111.0,1,5.75,-67,107.0,1,6.0
-33,113.0,1,0.0,-51,115.0,1,0.25,-60,110.0,1,0.5,-57,115.0,1,0.75,-60,111.0,1,1.0,-61,113.0,1,1.25,-60,111.0,1,1.5,-63,115.0,1,1.75,-63,117.0,1,2.0,-62,115.0,1,2.25,-60,110.0,1,2.5,-65,28.0,2,2.75,-73,114.0,1,3.0,-70,119.0,1,3.25,-67,113.0,1,3.5,-70,3.0,2,3.75,-64,116.0,1,4.0,-72,74.0,2,4.25,-69,109.0,1,4.5,-66,25.0,2,4.75,-67,113.0,1,5.0,-69,117.0,1,5.25,-72,74.0,2,5.5,-65,112.0,1,5.75,-66,108.0,1,6.0
-34,114.0,1,0.0,-49,118.0,1,0.25,-56,111.0,1,0.5,-59,117.0,1,0.75,-62,113.0,1,1.0,-61,115.0,1,1.25,-61,112.0,1,1.5,-66,117.0,1,1.75,-63,120.0,1,2.0,-65,117.0,1,2.25,-67,112.0,1,2.5,-71,30.0,2,2.75,-67,115.0,1,3.0,-70,120.0,1,3.25,-67,115.0,1,3.5,-70,4.0,2,3.75,-68,117.0,1,4.0,-75,76.0,2,4.25,-66,110.0,1,4.5,-71,27.0,2,4.75,-66,115.0,1,5.0,-69,118.0,1,5.25,-72,78.0,2,5.5,-67,113.0,1,5.75,-67,110.0,1,6.0
-35,116.0,1,0.0,-51,119.0,1,0.25,-54,112.0,1,0.5,-59,119.0,1,0.75,-63,115.0,1,1.0,-62,116.0,1,1.25,-61,113.0,1,1.5,-63,-0.0,2,1.75,-64,-0.0,2,2.0,-62,119.0,1,2.25,-67,113.0,1,2.5,-70,32.0,2,2.75,-70,118.0,1,3.0,-66,-0.0,2,3.25,-67,117.0,1,3.5,-73,5.0,2,3.75,-64,-0.0,2,4.0,-71,78.0,2,4.25,-65,112.0,1,4.5,-67,29.0,2,4.75,-68,117.0,1,5.0,-69,119.0,1,5.25,-71,81.0,2,5.5,-67,116.0,1,5.75,-67,111.0,1,6.0
-34,117.0,1,0.0,-51,120.0,1,0.25,-59,114.0,1,0.5,-60,120.0,1,0.75,-63,118.0,1,1.0,-62,118.0,1,1.25,-62,115.0,1,1.5,-66,3.0,2,1.75,-63,1.0,2,2.0,-63,-0.0,2,2.25,-65,115.0,1,2.5,-70,33.0,2,2.75,-70,119.0,1,3.0,-66,2.0,2,3.25,-67,118.0,1,3.5,-69,7.0,2,3.75,-64,2.0,2,4.0,-75,80.0,2,4.25,-65,113.0,1,4.5,-67,30.0,2,4.75,-74,119.0,1,5.0,-69,-0.0,2,5.25,-73,82.0,2,5.5,-68,118.0,1,5.75,-66,113.0,1,6.0
-32,119.0,1,0.0,-48,-0.0,2,0.25,-58,115.0,1,0.5,-61,-0.0,2,0.75,-61,-0.0,2,1.0,-62,119.0,1,1.25,-63,116.0,1,1.5,-66,7.0,2,1.75,-64,2.0,2,2.0,-66,1.0,2,2.25,-65,118.0,1,2.5,-69,36.0,2,2.75,-68,-0.0,2,3.0,-65,3.0,2,3.25,-66,120.0,1,3.5,-71,8.0,2,3.75,-64,3.0,2,4.0,-74,81.0,2,4.25,-66,114.0,1,4.5,-68,31.0,2,4.75,-69,-0.0,2,5.0,-71,2.0,2,5.25,-75,85.0,2,5.5,-66,120.0,1,5.75,-67,114.0,1,6.0
-35,120.0,1,0.0,-48,1.0,2,0.25,-54,117.0,1,0.5,-61,1.0,2,0.75,-62,1.0,2,1.0,-60,-0.0,2,1.25,-60,118.0,1,1.5,-66,8.0,2,1.75,-64,4.0,2,2.0,-63,2.0,2,2.25,-69,120.0,1,2.5,-70,38.0,2,2.75,-72,1.0,2,3.0,-66,4.0,2,3.25,-66,-0.0,2,3.5,-72,10.0,2,3.75,-64,5.0,2,4.0,-71,83.0,2,4.25,-66,116.0,1,4.5,-68,33.0,2,4.75,-71,2.0,2,5.0,-71,3.0,2,5.25,-74,87.0,2,5.5,-67,-0.0,2,5.75,-67,116.0,1,6.0
-35,-0.0,2,0.0,-50,3.0,2,0.25,-54,118.0,1,0.5,-63,2.0,2,0.75,-60,3.0,2,1.0,-60,2.0,2,1.25,-61,119.0,1,1.5,-66,10.0,2,1.75,-63,7.0,2,2.0,-63,4.0,2,2.25,-69,-0.0,2,2.5,-73,41.0,2,2.75,-66,2.0,2,3.0,-66,6.0,2,3.25,-64,2.0,2,3.5,-70,11.0,2,3.75,-64,6.0,2,4.0,-75,84.0,2,4.25,-69,117.0,1,4.5,-68,34.0,2,4.75,-69,3.0,2,5.0,-71,4.0,2,5.25,-75,88.0,2,5.5,-66,2.0,2,5.75,-65,117.0,1,6.0
-35,2.0,2,0.0,-49,4.0,2,0.25,-57,119.0,1,0.5,-60,4.0,2,0.75,-61,4.0,2,1.0,-64,4.0,2,1.25,-61,120.0,1,1.5,-63,12.0,2,1.75,-64,10.0,2,2.0,-66,5.0,2,2.25,-60,1.0,2,2.5,-70,49.0,2,2.75,-69,4.0,2,3.0,-66,7.0,2,3.25,-64,3.0,2,3.5,-71,12.0,2,3.75,-63,8.0,2,4.0,-74,85.0,2,4.25,-66,118.0,1,4.5,-66,37.0,2,4.75,-69,5.0,2,5.0,-72,6.0,2,5.25,-75,89.0,2,5.5,-65,3.0,2,5.75,-66,118.0,1,6.0
-36,3.0,2,0.0,-49,6.0,2,0.25,-53,-0.0,2,0.5,-61,5.0,2,0.75,-61,5.0,2,1.0,-64,5.0,2,1.25,-57,-0.0,2,1.5,-62,13.0,2,1.75,-64,11.0,2,2.0,-66,7.0,2,2.25,-61,3.0,2,2.5,-69,52.0,2,2.75,-66,6.0,2,3.0,-66,9.0,2,3.25,-65,5.0,2,3.5,-73,14.0,2,3.75,-65,11.0,2,4.0,-72,89.0,2,4.25,-69,-0.0,2,4.5,-66,38.0,2,4.75,-69,6.0,2,5.0,-71,8.0,2,5.25,-75,91.0,2,5.5,-67,4.0,2,5.75,-70,-0.0,2,6.0
-35,5.0,2,0.0,-48,7.0,2,0.25,-55,2.0,2,0.5,-60,7.0,2,0.75,-62,7.0,2,1.0,-65,6.0,2,1.25,-63,1.0,2,1.5,-67,14.0,2,1.75,-64,13.0,2,2.0,-66,9.0,2,2.25,-68,4.0,2,2.5,-75,56.0,2,2.75,-66,7.0,2,3.0,-66,11.0,2,3.25,-64,6.0,2,3.5,-71,15.0,2,3.75,-70,12.0,2,4.0,-72,90.0,2,4.25,-70,2.0,2,4.5,-67,41.0,2,4.75,-69,8.0,2,5.0,-71,11.0,2,5.25,-74,92.0,2,5.5,-65,6.0,2,5.75,-74,2.0,2,6.0
-35,6.0,2,0.0,-49,8.0,2,0.25,-55,3.0,2,0.5,-61,8.0,2,0.75,-61,8.0,2,1.0,-62,8.0,2,1.25,-58,3.0,2,1.5,-63,16.0,2,1.75,-64,14.0,2,2.0,-62,11.0,2,2.25,-61,6.0,2,2.5,-75,57.0,2,2.75,-69,8.0,2,3.0,-66,13.0,2,3.25,-65,9.0,2,3.5,-73,16.0,2,3.75,-65,13.0,2,4.0,-72,92.0,2,4.25,-71,3.0,2,4.5,-66,42.0,2,4.75,-69,9.0,2,5.0,-71,13.0,2,5.25,-74,93.0,2,5.5,-65,7.0,2,5.75,-71,3.0,2,6.0
-37,7.0,2,0.0,-49,10.0,2,0.25,-53,4.0,2,0.5,-62,10.0,2,0.75,-62,9.0,2,1.0,-62,9.0,2,1.25,-64,5.0,2,1.5,-67,17.0,2,1.75,-66,16.0,2,2.0,-66,12.0,2,2.25,-69,8.0,2,2.5,-70,60.0,2,2.75,-69,10.0,2,3.0,-66,14.0,2,3.25,-66,10.0,2,3.5,-73,18.0,2,3.75,-66,15.0,2,4.0,-73,93.0,2,4.25,-70,4.0,2,4.5,-66,44.0,2,4.75,-69,12.0,2,5.0,-70,15.0,2,5.25,-71,98.0,2,5.5,-68,8.0,2,5.75,-74,4.0,2,6.0
-33,9.0,2,0.0,-51,12.0,2,0.25,-55,6.0,2,0.5,-62,11.0,2,0.75,-60,11.0,2,1.0,-64,10.0,2,1.25,-64,6.0,2,1.5,-67,18.0,2,1.75,-63,18.0,2,2.0,-66,13.0,2,2.25,-69,10.0,2,2.5,-65,63.0,2,2.75,-66,11.0,2,3.0,-66,15.0,2,3.25,-65,11.0,2,3.5,-73,19.0,2,3.75,-65,17.0,2,4.0,-72,95.0,2,4.25,-69,6.0,2,4.5,-66,45.0,2,4.75,-71,13.0,2,5.0,-69,17.0,2,5.25,-75,100.0,2,5.5,-65,10.0,2,5.75,-71,6.0,2,6.0
-33,10.0,2,0.0,-49,14.0,2,0.25,-55,7.0,2,0.5,-60,13.0,2,0.75,-63,12.0,2,1.0,-62,12.0,2,1.25,-58,7.0,2,1.5,-63,20.0,2,1.75,-64,20.0,2,2.0,-66,15.0,2,2.25,-69,11.0,2,2.5,-69,64.0,2,2.75,-66,13.0,2,3.0,-66,17.0,2,3.25,-65,13.0,2,3.5,-73,21.0,2,3.75,-68,19.0,2,4.0,-72,96.0,2,4.25,-69,7.0,2,4.5,-66,48.0,2,4.75,-71,15.0,2,5.0,-70,18.0,2,5.25,-72,105.0,2,5.5,-65,11.0,2,5.75,-70,8.0,2,6.0
-36,11.0,2,0.0,-48,15.0,2,0.25,-55,10.0,2,0.5,-59,15.0,2,0.75,-61,14.0,2,1.0,-64,13.0,2,1.25,-58,9.0,2,1.5,-67,21.0,2,1.75,-65,21.0,2,2.0,-67,16.0,2,2.25,-69,12.0,2,2.5,-69,67.0,2,2.75,-66,14.0,2,3.0,-66,18.0,2,3.25,-64,14.0,2,3.5,-73,22.0,2,3.75,-65,21.0,2,4.0,-74,98.0,2,4.25,-71,9.0,2,4.5,-66,49.0,2,4.75,-68,16.0,2,5.0,-72,20.0,2,5.25,-71,107.0,2,5.5,-64,13.0,2,5.75,-74,9.0,2,6.0
-34,13.0,2,0.0,-48,17.0,2,0.25,-55,11.0,2,0.5,-59,16.0,2,0.75,-61,15.0,2,1.0,-65,15.0,2,1.25,-64,10.0,2,1.5,-67,23.0,2,1.75,-64,22.0,2,2.0,-67,18.0,2,2.25,-61,14.0,2,2.5,-70,71.0,2,2.75,-69,17.0,2,3.0,-66,20.0,2,3.25,-65,17.0,2,3.5,-70,23.0,2,3.75,-65,22.0,2,4.0,-72,99.0,2,4.25,-70,10.0,2,4.5,-66,51.0,2,4.75,-69,19.0,2,5.0,-69,21.0,2,5.25,-73,113.0,2,5.5,-69,17.0,2,5.75,-71,10.0,2,6.0
-36,14.0,2,0.0,-51,18.0,2,0.25,-55,13.0,2,0.5,-63,17.0,2,0.75,-61,16.0,2,1.0,-62,16.0,2,1.25,-58,11.0,2,1.5,-61,24.0,2,1.75,-64,24.0,2,2.0,-64,19.0,2,2.25,-68,15.0,2,2.5,-70,75.0,2,2.75,-68,18.0,2,3.0,-66,21.0,2,3.25,-65,18.0,2,3.5,-72,25.0,2,3.75,-68,24.0,2,4.0,-71,101.0,2,4.25,-70,11.0,2,4.5,-67,52.0,2,4.75,-69,20.0,2,5.0,-70,23.0,2,5.25,-73,115.0,2,5.5,-65,18.0,2,5.75,-71,12.0,2,6.0
-36,16.0,2,0.0,-48,19.0,2,0.25,-55,14.0,2,0.5,-58,19.0,2,0.75,-60,18.0,2,1.0,-62,17.0,2,1.25,-63,13.0,2,1.5,-64,25.0,2,1.75,-63,26.0,2,2.0,-66,20.0,2,2.25,-69,17.0,2,2.5,-69,78.0,2,2.75,-68,19.0,2,3.0,-66,22.0,2,3.25,-66,20.0,2,3.5,-72,26.0,2,3.75,-68,25.0,2,4.0,-73,102.0,2,4.25,-70,13.0,2,4.5,-67,55.0,2,4.75,-68,22.0,2,5.0,-73,24.0,2,5.25,-70,117.0,2,5.5,-66,19.0,2,5.75,-75,13.0,2,6.0
-32,17.0,2,0.0,-52,21.0,2,0.25,-55,15.0,2,0.5,-59,20.0,2,0.75,-60,19.0,2,1.0,-65,19.0,2,1.25,-65,14.0,2,1.5,-68,27.0,2,1.75,-63,27.0,2,2.0,-66,22.0,2,2.25,-62,18.0,2,2.5,-70,79.0,2,2.75,-66,21.0,2,3.0,-67,24.0,2,3.25,-65,21.0,2,3.5,-73,27.0,2,3.75,-66,26.0,2,4.0,-72,103.0,2,4.25,-71,15.0,2,4.5,-66,56.0,2,4.75,-68,24.0,2,5.0,-70,26.0,2,5.25,-72,-0.0,3,5.5,-66,21.0,2,5.75,-71,15.0,2,6.0
-36,18.0,2,0.0,-49,22.0,2,0.25,-54,17.0,2,0.5,-61,22.0,2,0.75,-60,21.0,2,1.0,-62,20.0,2,1.25,-59,16.0,2,1.5,-63,28.0,2,1.75,-62,30.0,2,2.0,-64,23.0,2,2.25,-69,19.0,2,2.5,-69,82.0,2,2.75,-65,24.0,2,3.0,-66,25.0,2,3.25,-64,24.0,2,3.5,-73,29.0,2,3.75,-69,27.0,2,4.0,-72,105.0,2,4.25,-70,17.0,2,4.5,-66,58.0,2,4.75,-68,26.0,2,5.0,-70,27.0,2,5.25,-72,2.0,3,5.5,-66,22.0,2,5.75,-70,16.0,2,6.0
-33,20.0,2,0.0,-49,23.0,2,0.25,-55,18.0,2,0.5,-58,23.0,2,0.75,-59,22.0,2,1.0,-62,21.0,2,1.25,-63,17.0,2,1.5,-67,29.0,2,1.75,-64,31.0,2,2.0,-64,24.0,2,2.25,-69,21.0,2,2.5,-69,83.0,2,2.75,-69,25.0,2,3.0,-66,26.0,2,3.25,-65,26.0,2,3.5,-65,30.0,2,3.75,-64,29.0,2,4.0,-74,106.0,2,4.25,-70,18.0,2,4.5,-67,59.0,2,4.75,-69,27.0,2,5.0,-68,29.0,2,5.25,-72,3.0,3,5.5,-67,25.0,2,5.75,-75,17.0,2,6.0
-35,21.0,2,0.0,-51,25.0,2,0.25,-54,19.0,2,0.5,-57,24.0,2,0.75,-61,23.0,2,1.0,-63,23.0,2,1.25,-60,18.0,2,1.5,-69,31.0,2,1.75,-59,33.0,2,2.0,-62,27.0,2,2.25,-69,22.0,2,2.5,-69,86.0,2,2.75,-65,26.0,2,3.0,-67,28.0,2,3.25,-64,27.0,2,3.5,-71,32.0,2,3.75,-67,30.0,2,4.0,-74,109.0,2,4.25,-70,20.0,2,4.5,-67,60.0,2,4.75,-68,28.0,2,5.0,-70,30.0,2,5.25,-73,4.0,3,5.5,-67,26.0,2,5.75,-70,19.0,2,6.0
-36,22.0,2,0.0,-51,26.0,2,0.25,-53,21.0,2,0.5,-61,26.0,2,0.75,-62,25.0,2,1.0,-62,24.0,2,1.25,-58,20.0,2,1.5,-69,32.0,2,1.75,-59,34.0,2,2.0,-67,29.0,2,2.25,-61,26.0,2,2.5,-75,87.0,2,2.75,-66,31.0,2,3.0,-66,29.0,2,3.25,-63,28.0,2,3.5,-74,33.0,2,3.75,-68,32.0,2,4.0,-73,110.0,2,4.25,-69,22.0,2,4.5,-67,63.0,2,4.75,-69,30.0,2,5.0,-68,32.0,2,5.25,-73,7.0,3,5.5,-67,28.0,2,5.75,-70,20.0,2,6.0
-36,24.0,2,0.0,-48,28.0,2,0.25,-55,22.0,2,0.5,-61,27.0,2,0.75,-60,26.0,2,1.0,-65,26.0,2,1.25,-65,21.0,2,1.5,-67,34.0,2,1.75,-64,35.0,2,2.0,-63,30.0,2,2.25,-69,28.0,2,2.5,-70,90.0,2,2.75,-65,34.0,2,3.0,-66,31.0,2,3.25,-65,30.0,2,3.5,-66,34.0,2,3.75,-65,33.0,2,4.0,-72,112.0,2,4.25,-71,24.0,2,4.5,-67,64.0,2,4.75,-69,31.0,2,5.0,-68,33.0,2,5.25,-73,12.0,3,5.5,-66,30.0,2,5.75,-74,21.0,2,6.0
-35,25.0,2,0.0,-51,29.0,2,0.25,-55,24.0,2,0.5,-60,28.0,2,0.75,-60,27.0,2,1.0,-63,27.0,2,1.25,-60,23.0,2,1.5,-66,35.0,2,1.75,-60,37.0,2,2.0,-64,31.0,2,2.25,-69,29.0,2,2.5,-70,94.0,2,2.75,-69,36.0,2,3.0,-66,32.0,2,3.25,-66,31.0,2,3.5,-70,36.0,2,3.75,-64,35.0,2,4.0,-72,113.0,2,4.25,-70,25.0,2,4.5,-67,66.0,2,4.75,-68,33.0,2,5.0,-70,36.0,2,5.25,-72,15.0,3,5.5,-68,32.0,2,5.75,-70,24.0,2,6.0
-36,26.0,2,0.0,-49,30.0,2,0.25,-55,25.0,2,0.5,-61,30.0,2,0.75,-60,29.0,2,1.0,-61,28.0,2,1.25,-60,24.0,2,1.5,-66,36.0,2,1.75,-64,38.0,2,2.0,-66,33.0,2,2.25,-61,30.0,2,2.5,-65,97.0,2,2.75,-70,37.0,2,3.0,-66,33.0,2,3.25,-65,33.0,2,3.5,-74,37.0,2,3.75,-68,36.0,2,4.0,-74,114.0,2,4.25,-71,26.0,2,4.5,-66,67.0,2,4.75,-68,35.0,2,5.0,-69,38.0,2,5.25,-72,19.0,3,5.5,-66,35.0,2,5.75,-74,26.0,2,6.0
-35,28.0,2,0.0,-49,32.0,2,0.25,-55,26.0,2,0.5,-59,31.0,2,0.75,-60,30.0,2,1.0,-61,30.0,2,1.25,-64,25.0,2,1.5,-63,38.0,2,1.75,-64,40.0,2,2.0,-66,34.0,2,2.25,-61,33.0,2,2.5,-74,98.0,2,2.75,-70,38.0,2,3.0,-67,35.0,2,3.25,-66,34.0,2,3.5,-70,38.0,2,3.75,-64,38.0,2,4.0,-73,117.0,2,4.25,-71,28.0,2,4.5,-66,69.0,2,4.75,-69,37.0,2,5.0,-70,40.0,2,5.25,-72,21.0,3,5.5,-67,37.0,2,5.75,-70,27.0,2,6.0
-36,29.0,2,0.0,-48,33.0,2,0.25,-56,28.0,2,0.5,-60,33.0,2,0.75,-60,31.0,2,1.0,-64,31.0,2,1.25,-59,27.0,2,1.5,-66,39.0,2,1.75,-65,41.0,2,2.0,-64,35.0,2,2.25,-69,35.0,2,2.5,-71,101.0,2,2.75,-69,40.0,2,3.0,-66,36.0,2,3.25,-65,36.0,2,3.5,-70,40.0,2,3.75,-65,39.0,2,4.0,-74,118.0,2,4.25,-69,29.0,2,4.5,-67,70.0,2,4.75,-69,38.0,2,5.0,-69,41.0,2,5.25,-73,22.0,3,5.5,-67,40.0,2,5.75,-75,29.0,2,6.0
-36,31.0,2,0.0,-49,34.0,2,0.25,-56,29.0,2,0.5,-58,34.0,2,0.75,-59,33.0,2,1.0,-64,32.0,2,1.25,-58,28.0,2,1.5,-64,40.0,2,1.75,-63,42.0,2,2.0,-64,37.0,2,2.25,-61,37.0,2,2.5,-71,103.0,2,2.75,-69,41.0,2,3.0,-66,37.0,2,3.25,-65,37.0,2,3.5,-73,41.0,2,3.75,-68,40.0,2,4.0,-71,120.0,2,4.25,-71,31.0,2,4.5,-71,71.0,2,4.75,-69,40.0,2,5.0,-70,42.0,2,5.25,-73,23.0,3,5.5,-69,41.0,2,5.75,-74,30.0,2,6.0
-35,32.0,2,0.0,-49,36.0,2,0.25,-55,31.0,2,0.5,-59,35.0,2,0.75,-62,34.0,2,1.0,-64,34.0,2,1.25,-63,29.0,2,1.5,-68,42.0,2,1.75,-64,44.0,2,2.0,-64,38.0,2,2.25,-62,39.0,2,2.5,-70,105.0,2,2.75,-66,42.0,2,3.0,-66,39.0,2,3.25,-65,39.0,2,3.5,-70,43.0,2,3.75,-64,42.0,2,4.0,-69,-0.0,3,4.25,-71,32.0,2,4.5,-67,74.0,2,4.75,-69,41.0,2,5.0,-68,46.0,2,5.25,-72,26.0,3,5.5,-66,43.0,2,5.75,-71,32.0,2,6.0
-36,33.0,2,0.0,-47,37.0,2,0.25,-55,32.0,2,0.5,-63,37.0,2,0.75,-63,36.0,2,1.0,-62,37.0,2,1.25,-59,31.0,2,1.5,-68,43.0,2,1.75,-64,45.0,2,2.0,-63,39.0,2,2.25,-68,40.0,2,2.5,-70,110.0,2,2.75,-70,44.0,2,3.0,-65,42.0,2,3.25,-65,40.0,2,3.5,-70,44.0,2,3.75,-74,43.0,2,4.0,-70,2.0,3,4.25,-69,33.0,2,4.5,-67,76.0,2,4.75,-69,42.0,2,5.0,-68,49.0,2,5.25,-72,30.0,3,5.5,-67,44.0,2,5.75,-71,33.0,2,6.0
-35,35.0,2,0.0,-49,39.0,2,0.25,-55,34.0,2,0.5,-61,38.0,2,0.75,-60,37.0,2,1.0,-62,38.0,2,1.25,-59,32.0,2,1.5,-63,45.0,2,1.75,-63,46.0,2,2.0,-67,41.0,2,2.25,-68,41.0,2,2.5,-70,114.0,2,2.75,-69,46.0,2,3.0,-66,43.0,2,3.25,-65,42.0,2,3.5,-72,45.0,2,3.75,-68,45.0,2,4.0,-70,4.0,3,4.25,-71,35.0,2,4.5,-66,77.0,2,4.75,-68,44.0,2,5.0,-69,52.0,2,5.25,-71,33.0,3,5.5,-68,46.0,2,5.75,-73,35.0,2,6.0
-34,36.0,2,0.0,-49,40.0,2,0.25,-54,36.0,2,0.5,-59,40.0,2,0.75,-60,38.0,2,1.0,-64,39.0,2,1.25,-63,34.0,2,1.5,-66,46.0,2,1.75,-63,49.0,2,2.0,-63,42.0,2,2.25,-61,43.0,2,2.5,-66,117.0,2,2.75,-70,47.0,2,3.0,-67,44.0,2,3.25,-65,43.0,2,3.5,-65,47.0,2,3.75,-64,46.0,2,4.0,-70,5.0,3,4.25,-70,36.0,2,4.5,-66,78.0,2,4.75,-68,45.0,2,5.0,-65,54.0,2,5.25,-71,35.0,3,5.5,-66,47.0,2,5.75,-74,40.0,2,6.0
-36,38.0,2,0.0,-51,41.0,2,0.25,-53,37.0,2,0.5,-63,42.0,2,0.75,-63,40.0,2,1.0,-61,41.0,2,1.25,-60,35.0,2,1.5,-63,47.0,2,1.75,-62,51.0,2,2.0,-63,44.0,2,2.25,-68,44.0,2,2.5,-69,-0.0,3,2.75,-70,49.0,2,3.0,-66,46.0,2,3.25,-65,45.0,2,3.5,-71,48.0,2,3.75,-69,48.0,2,4.0,-70,6.0,3,4.25,-69,37.0,2,4.5,-67,80.0,2,4.75,-69,47.0,2,5.0,-70,55.0,2,5.25,-71,37.0,3,5.5,-68,48.0,2,5.75,-73,42.0,2,6.0
-39,39.0,2,0.0,-51,43.0,2,0.25,-55,39.0,2,0.5,-58,43.0,2,0.75,-57,41.0,2,1.0,-61,42.0,2,1.25,-53,36.0,2,1.5,-63,49.0,2,1.75,-64,52.0,2,2.0,-67,45.0,2,2.25,-60,45.0,2,2.5,-65,1.0,3,2.75,-66,51.0,2,3.0,-66,47.0,2,3.25,-65,46.0,2,3.5,-71,50.0,2,3.75,-68,49.0,2,4.0,-70,8.0,3,4.25,-69,39.0,2,4.5,-66,81.0,2,4.75,-68,48.0,2,5.0,-69,57.0,2,5.25,-72,41.0,3,5.5,-65,50.0,2,5.75,-70,44.0,2,6.0
-36,40.0,2,0.0,-48,44.0,2,0.25,-53,40.0,2,0.5,-61,45.0,2,0.75,-63,43.0,2,1.0,-61,44.0,2,1.25,-63,38.0,2,1.5,-66,50.0,2,1.75,-64,53.0,2,2.0,-67,46.0,2,2.25,-61,47.0,2,2.5,-71,2.0,3,2.75,-70,52.0,2,3.0,-67,49.0,2,3.25,-65,47.0,2,3.5,-71,51.0,2,3.75,-65,51.0,2,4.0,-70,10.0,3,4.25,-70,40.0,2,4.5,-69,82.0,2,4.75,-69,50.0,2,5.0,-69,58.0,2,5.25,-72,46.0,3,5.5,-65,51.0,2,5.75,-74,48.0,2,6.0
-36,42.0,2,0.0,-49,46.0,2,0.25,-57,42.0,2,0.5,-61,46.0,2,0.75,-64,44.0,2,1.0,-61,45.0,2,1.25,-59,39.0,2,1.5,-66,52.0,2,1.75,-64,55.0,2,2.0,-64,48.0,2,2.25,-69,51.0,2,2.5,-71,4.0,3,2.75,-69,53.0,2,3.0,-67,50.0,2,3.25,-67,53.0,2,3.5,-71,52.0,2,3.75,-69,52.0,2,4.0,-70,11.0,3,4.25,-70,41.0,2,4.5,-67,84.0,2,4.75,-68,51.0,2,5.0,-69,60.0,2,5.25,-71,48.0,3,5.5,-65,53.0,2,5.75,-70,50.0,2,6.0
-37,44.0,2,0.0,-49,48.0,2,0.25,-55,43.0,2,0.5,-59,48.0,2,0.75,-57,45.0,2,1.0,-61,48.0,2,1.25,-58,41.0,2,1.5,-64,53.0,2,1.75,-64,56.0,2,2.0,-66,49.0,2,2.25,-69,52.0,2,2.5,-64,5.0,3,2.75,-66,55.0,2,3.0,-69,51.0,2,3.25,-62,55.0,2,3.5,-71,54.0,2,3.75,-68,53.0,2,4.0,-70,12.0,3,4.25,-69,43.0,2,4.5,-66,85.0,2,4.75,-69,54.0,2,5.0,-69,61.0,2,5.25,-72,50.0,3,5.5,-67,57.0,2,5.75,-70,52.0,2,6.0
-36,46.0,2,0.0,-49,50.0,2,0.25,-53,44.0,2,0.5,-61,49.0,2,0.75,-57,47.0,2,1.0,-63,49.0,2,1.25,-63,42.0,2,1.5,-67,54.0,2,1.75,-65,57.0,2,2.0,-63,51.0,2,2.25,-61,54.0,2,2.5,-70,7.0,3,2.75,-70,56.0,2,3.0,-66,53.0,2,3.25,-66,57.0,2,3.5,-75,58.0,2,3.75,-69,55.0,2,4.0,-75,14.0,3,4.25,-71,44.0,2,4.5,-69,87.0,2,4.75,-69,56.0,2,5.0,-71,62.0,2,5.25,-72,51.0,3,5.5,-66,58.0,2,5.75,-74,53.0,2,6.0
-35,48.0,2,0.0,-48,51.0,2,0.25,-55,47.0,2,0.5,-63,51.0,2,0.75,-64,48.0,2,1.0,-65,51.0,2,1.25,-58,44.0,2,1.5,-63,56.0,2,1.75,-65,59.0,2,2.0,-63,52.0,2,2.25,-61,55.0,2,2.5,-70,8.0,3,2.75,-73,58.0,2,3.0,-67,55.0,2,3.25,-66,58.0,2,3.5,-70,59.0,2,3.75,-69,56.0,2,4.0,-70,15.0,3,4.25,-71,46.0,2,4.5,-69,88.0,2,4.75,-69,57.0,2,5.0,-70,64.0,2,5.25,-71,52.0,3,5.5,-66,59.0,2,5.75,-70,54.0,2,6.0
-35,49.0,2,0.0,-51,52.0,2,0.25,-53,48.0,2,0.5,-59,52.0,2,0.75,-58,49.0,2,1.0,-62,52.0,2,1.25,-57,45.0,2,1.5,-63,57.0,2,1.75,-64,60.0,2,2.0,-63,53.0,2,2.25,-70,56.0,2,2.5,-71,9.0,3,2.75,-66,59.0,2,3.0,-65,57.0,2,3.25,-64,60.0,2,3.5,-75,63.0,2,3.75,-65,58.0,2,4.0,-70,17.0,3,4.25,-70,47.0,2,4.5,-66,89.0,2,4.75,-68,60.0,2,5.0,-68,65.0,2,5.25,-71,54.0,3,5.5,-68,61.0,2,5.75,-74,57.0,2,6.0
-35,52.0,2,0.0,-49,54.0,2,0.25,-55,50.0,2,0.5,-63,53.0,2,0.75,-58,51.0,2,1.0,-63,54.0,2,1.25,-63,47.0,2,1.5,-63,58.0,2,1.75,-63,61.0,2,2.0,-63,55.0,2,2.25,-61,58.0,2,2.5,-70,11.0,3,2.75,-66,60.0,2,3.0,-65,58.0,2,3.25,-66,61.0,2,3.5,-75,65.0,2,3.75,-65,59.0,2,4.0,-70,18.0,3,4.25,-70,48.0,2,4.5,-67,91.0,2,4.75,-68,62.0,2,5.0,-70,66.0,2,5.25,-71,57.0,3,5.5,-66,62.0,2,5.75,-69,59.0,2,6.0
-36,54.0,2,0.0,-49,55.0,2,0.25,-55,51.0,2,0.5,-61,55.0,2,0.75,-58,52.0,2,1.0,-62,57.0,2,1.25,-58,48.0,2,1.5,-63,60.0,2,1.75,-62,63.0,2,2.0,-63,56.0,2,2.25,-68,59.0,2,2.5,-70,12.0,3,2.75,-75,62.0,2,3.0,-66,60.0,2,3.25,-66,62.0,2,3.5,-73,67.0,2,3.75,-69,61.0,2,4.0,-69,19.0,3,4.25,-70,50.0,2,4.5,-66,92.0,2,4.75,-69,64.0,2,5.0,-71,68.0,2,5.25,-72,58.0,3,5.5,-66,64.0,2,5.75,-75,60.0,2,6.0
-35,55.0,2,0.0,-49,57.0,2,0.25,-52,53.0,2,0.5,-61,56.0,2,0.75,-57,53.0,2,1.0,-60,58.0,2,1.25,-64,50.0,2,1.5,-63,61.0,2,1.75,-62,64.0,2,2.0,-66,58.0,2,2.25,-69,61.0,2,2.5,-66,13.0,3,2.75,-66,63.0,2,3.0,-65,61.0,2,3.25,-65,64.0,2,3.5,-75,69.0,2,3.75,-69,62.0,2,4.0,-70,21.0,3,4.25,-70,53.0,2,4.5,-67,93.0,2,4.75,-69,66.0,2,5.0,-68,69.0,2,5.25,-72,61.0,3,5.5,-65,66.0,2,5.75,-70,63.0,2,6.0
-36,58.0,2,0.0,-49,58.0,2,0.25,-55,54.0,2,0.5,-62,57.0,2,0.75,-63,55.0,2,1.0,-65,60.0,2,1.25,-58,51.0,2,1.5,-68,63.0,2,1.75,-63,66.0,2,2.0,-66,59.0,2,2.25,-60,62.0,2,2.5,-70,15.0,3,2.75,-69,65.0,2,3.0,-66,62.0,2,3.25,-66,65.0,2,3.5,-71,72.0,2,3.75,-69,64.0,2,4.0,-70,22.0,3,4.25,-70,54.0,2,4.5,-67,95.0,2,4.75,-71,67.0,2,5.0,-71,71.0,2,5.25,-72,65.0,3,5.5,-65,68.0,2,5.75,-70,67.0,2,6.0
-35,60.0,2,0.0,-48,59.0,2,0.25,-55,55.0,2,0.5,-61,59.0,2,0.75,-57,56.0,2,1.0,-62,62.0,2,1.25,-57,53.0,2,1.5,-68,64.0,2,1.75,-64,67.0,2,2.0,-67,60.0,2,2.25,-60,63.0,2,2.5,-70,16.0,3,2.75,-69,66.0,2,3.0,-68,64.0,2,3.25,-65,67.0,2,3.5,-73,73.0,2,3.75,-69,65.0,2,4.0,-72,24.0,3,4.25,-71,55.0,2,4.5,-66,96.0,2,4.75,-69,68.0,2,5.0,-70,72.0,2,5.25,-71,68.0,3,5.5,-67,69.0,2,5.75,-74,68.0,2,6.0
-36,62.0,2,0.0,-48,61.0,2,0.25,-53,57.0,2,0.5,-59,60.0,2,0.75,-57,58.0,2,1.0,-62,65.0,2,1.25,-57,54.0,2,1.5,-63,65.0,2,1.75,-64,68.0,2,2.0,-66,61.0,2,2.25,-69,65.0,2,2.5,-65,18.0,3,2.75,-67,67.0,2,3.0,-67,66.0,2,3.25,-65,68.0,2,3.5,-74,75.0,2,3.75,-64,66.0,2,4.0,-70,25.0,3,4.25,-70,57.0,2,4.5,-66,98.0,2,4.75,-69,70.0,2,5.0,-70,73.0,2,5.25,-70,69.0,3,5.5,-67,71.0,2,5.75,-70,70.0,2,6.0
-35,63.0,2,0.0,-48,62.0,2,0.25,-53,58.0,2,0.5,-61,62.0,2,0.75,-63,59.0,2,1.0,-65,66.0,2,1.25,-58,56.0,2,1.5,-68,67.0,2,1.75,-62,70.0,2,2.0,-66,63.0,2,2.25,-61,69.0,2,2.5,-65,19.0,3,2.75,-67,68.0,2,3.0,-65,68.0,2,3.25,-66,69.0,2,3.5,-71,76.0,2,3.75,-70,67.0,2,4.0,-70,26.0,3,4.25,-70,58.0,2,4.5,-66,99.0,2,4.75,-69,71.0,2,5.0,-71,75.0,2,5.25,-71,72.0,3,5.5,-67,73.0,2,5.75,-70,71.0,2,6.0
-35,65.0,2,0.0,-49,63.0,2,0.25,-55,59.0,2,0.5,-61,63.0,2,0.75,-57,60.0,2,1.0,-65,68.0,2,1.25,-63,58.0,2,1.5,-63,68.0,2,1.75,-66,72.0,2,2.0,-63,64.0,2,2.25,-61,70.0,2,2.5,-68,21.0,3,2.75,-74,70.0,2,3.0,-65,69.0,2,3.25,-64,71.0,2,3.5,-74,78.0,2,3.75,-64,69.0,2,4.0,-66,28.0,3,4.25,-71,60.0,2,4.5,-67,100.0,2,4.75,-69,73.0,2,5.0,-71,77.0,2,5.25,-71,73.0,3,5.5,-65,75.0,2,5.75,-74,72.0,2,6.0
-36,66.0,2,0.0,-49,65.0,2,0.25,-55,61.0,2,0.5,-62,67.0,2,0.75,-58,62.0,2,1.0,-62,69.0,2,1.25,-59,60.0,2,1.5,-63,69.0,2,1.75,-64,73.0,2,2.0,-66,66.0,2,2.25,-69,72.0,2,2.5,-70,23.0,3,2.75,-66,71.0,2,3.0,-66,71.0,2,3.25,-71,72.0,2,3.5,-74,79.0,2,3.75,-64,70.0,2,4.0,-70,29.0,3,4.25,-70,61.0,2,4.5,-66,102.0,2,4.75,-69,74.0,2,5.0,-70,78.0,2,5.25,-71,76.0,3,5.5,-67,76.0,2,5.75,-71,74.0,2,6.0
-35,67.0,2,0.0,-48,66.0,2,0.25,-55,62.0,2,0.5,-61,68.0,2,0.75,-62,63.0,2,1.0,-65,71.0,2,1.25,-63,61.0,2,1.5,-63,71.0,2,1.75,-63,74.0,2,2.0,-66,67.0,2,2.25,-61,73.0,2,2.5,-67,24.0,3,2.75,-74,73.0,2,3.0,-66,72.0,2,3.25,-66,73.0,2,3.5,-74,81.0,2,3.75,-69,72.0,2,4.0,-70,30.0,3,4.25,-70,62.0,2,4.5,-69,103.0,2,4.75,-69,75.0,2,5.0,-73,81.0,2,5.25,-71,81.0,3,5.5,-67,77.0,2,5.75,-70,75.0,2,6.0
-35,69.0,2,0.0,-48,67.0,2,0.25,-55,63.0,2,0.5,-62,71.0,2,0.75,-57,65.0,2,1.0,-62,72.0,2,1.25,-63,63.0,2,1.5,-63,72.0,2,1.75,-64,76.0,2,2.0,-67,69.0,2,2.25,-61,74.0,2,2.5,-65,26.0,3,2.75,-66,74.0,2,3.0,-66,73.0,2,3.25,-66,75.0,2,3.5,-74,82.0,2,3.75,-67,75.0,2,4.0,-69,32.0,3,4.25,-70,64.0,2,4.5,-67,104.0,2,4.75,-65,77.0,2,5.0,-69,82.0,2,5.25,-72,83.0,3,5.5,-65,79.0,2,5.75,-70,78.0,2,6.0
-36,70.0,2,0.0,-48,69.0,2,0.25,-55,65.0,2,0.5,-62,73.0,2,0.75,-59,66.0,2,1.0,-65,73.0,2,1.25,-58,64.0,2,1.5,-63,73.0,2,1.75,-63,77.0,2,2.0,-67,70.0,2,2.25,-71,76.0,2,2.5,-71,27.0,3,2.75,-66,76.0,2,3.0,-66,75.0,2,3.25,-62,76.0,2,3.5,-73,84.0,2,3.75,-67,76.0,2,4.0,-70,33.0,3,4.25,-70,65.0,2,4.5,-67,106.0,2,4.75,-68,78.0,2,5.0,-71,83.0,2,5.25,-70,87.0,3,5.5,-65,80.0,2,5.75,-70,80.0,2,6.0
-38,71.0,2,0.0,-43,70.0,2,0.25,-55,66.0,2,0.5,-63,74.0,2,0.75,-59,67.0,2,1.0,-65,75.0,2,1.25,-58,65.0,2,1.5,-66,75.0,2,1.75,-63,79.0,2,2.0,-65,71.0,2,2.25,-61,77.0,2,2.5,-71,29.0,3,2.75,-70,77.0,2,3.0,-66,76.0,2,3.25,-66,77.0,2,3.5,-65,87.0,2,3.75,-65,77.0,2,4.0,-74,35.0,3,4.25,-70,66.0,2,4.5,-67,107.0,2,4.75,-68,80.0,2,5.0,-72,85.0,2,5.25,-70,88.0,3,5.5,-67,81.0,2,5.75,-73,81.0,2,6.0
-35,73.0,2,0.0,-43,72.0,2,0.25,-55,68.0,2,0.5,-60,75.0,2,0.75,-57,69.0,2,1.0,-62,77.0,2,1.25,-63,67.0,2,1.5,-63,76.0,2,1.75,-64,81.0,2,2.0,-67,73.0,2,2.25,-70,80.0,2,2.5,-64,30.0,3,2.75,-65,79.0,2,3.0,-66,77.0,2,3.25,-65,79.0,2,3.5,-75,88.0,2,3.75,-65,79.0,2,4.0,-75,36.0,3,4.25,-70,68.0,2,4.5,-66,108.0,2,4.75,-69,81.0,2,5.0,-69,86.0,2,5.25,-71,91.0,3,5.5,-65,83.0,2,5.75,-70,83.0,2,6.0
-36,74.0,2,0.0,-48,73.0,2,0.25,-55,69.0,2,0.5,-62,77.0,2,0.75,-60,70.0,2,1.0,-65,78.0,2,1.25,-58,68.0,2,1.5,-65,78.0,2,1.75,-64,82.0,2,2.0,-64,74.0,2,2.25,-60,81.0,2,2.5,-67,33.0,3,2.75,-66,80.0,2,3.0,-66,79.0,2,3.25,-64,80.0,2,3.5,-72,89.0,2,3.75,-70,80.0,2,4.0,-69,38.0,3,4.25,-70,69.0,2,4.5,-67,110.0,2,4.75,-69,82.0,2,5.0,-69,88.0,2,5.25,-72,95.0,3,5.5,-67,84.0,2,5.75,-70,84.0,2,6.0
-35,76.0,2,0.0,-48,74.0,2,0.25,-55,70.0,2,0.5,-61,78.0,2,0.75,-57,73.0,2,1.0,-65,79.0,2,1.25,-64,69.0,2,1.5,-65,79.0,2,1.75,-64,84.0,2,2.0,-64,75.0,2,2.25,-69,83.0,2,2.5,-67,34.0,3,2.75,-70,82.0,2,3.0,-68,80.0,2,3.25,-66,82.0,2,3.5,-70,91.0,2,3.75,-64,81.0,2,4.0,-70,39.0,3,4.25,-69,71.0,2,4.5,-69,111.0,2,4.75,-70,84.0,2,5.0,-70,90.0,2,5.25,-71,96.0,3,5.5,-67,86.0,2,5.75,-71,86.0,2,6.0
-35,77.0,2,0.0,-48,76.0,2,0.25,-55,72.0,2,0.5,-61,80.0,2,0.75,-57,74.0,2,1.0,-62,81.0,2,1.25,-64,71.0,2,1.5,-64,80.0,2,1.75,-65,85.0,2,2.0,-66,77.0,2,2.25,-69,84.0,2,2.5,-70,36.0,3,2.75,-66,83.0,2,3.0,-66,81.0,2,3.25,-64,83.0,2,3.5,-71,92.0,2,3.75,-65,83.0,2,4.0,-69,41.0,3,4.25,-71,72.0,2,4.5,-67,113.0,2,4.75,-68,85.0,2,5.0,-71,92.0,2,5.25,-74,98.0,3,5.5,-65,87.0,2,5.75,-71,87.0,2,6.0
-36,78.0,2,0.0,-48,77.0,2,0.25,-53,73.0,2,0.5,-60,81.0,2,0.75,-62,76.0,2,1.0,-65,82.0,2,1.25,-58,72.0,2,1.5,-67,82.0,2,1.75,-65,86.0,2,2.0,-63,80.0,2,2.25,-61,85.0,2,2.5,-68,37.0,3,2.75,-68,86.0,2,3.0,-66,83.0,2,3.25,-66,84.0,2,3.5,-73,94.0,2,3.75,-70,84.0,2,4.0,-69,42.0,3,4.25,-70,73.0,2,4.5,-66,114.0,2,4.75,-69,86.0,2,5.0,-69,93.0,2,5.25,-75,101.0,3,5.5,-67,89.0,2,5.75,-71,89.0,2,6.0
-36,81.0,2,0.0,-48,79.0,2,0.25,-55,75.0,2,0.5,-61,82.0,2,0.75,-57,77.0,2,1.0,-65,84.0,2,1.25,-64,74.0,2,1.5,-67,83.0,2,1.75,-65,88.0,2,2.0,-67,81.0,2,2.25,-68,87.0,2,2.5,-70,40.0,3,2.75,-66,87.0,2,3.0,-66,84.0,2,3.25,-66,86.0,2,3.5,-69,95.0,2,3.75,-65,86.0,2,4.0,-66,44.0,3,4.25,-69,75.0,2,4.5,-67,116.0,2,4.75,-71,88.0,2,5.0,-71,96.0,2,5.25,-72,105.0,3,5.5,-68,90.0,2,5.75,-69,90.0,2,6.0
-36,84.0,2,0.0,-47,80.0,2,0.25,-53,77.0,2,0.5,-61,84.0,2,0.75,-57,79.0,2,1.0,-65,85.0,2,1.25,-63,75.0,2,1.5,-63,85.0,2,1.75,-64,89.0,2,2.0,-63,83.0,2,2.25,-69,88.0,2,2.5,-67,41.0,3,2.75,-70,89.0,2,3.0,-66,86.0,2,3.25,-65,92.0,2,3.5,-72,96.0,2,3.75,-65,87.0,2,4.0,-66,45.0,3,4.25,-69,76.0,2,4.5,-66,117.0,2,4.75,-69,89.0,2,5.0,-69,98.0,2,5.25,-74,107.0,3,5.5,-65,91.0,2,5.75,-75,91.0,2,6.0
-37,85.0,2,0.0,-48,81.0,2,0.25,-55,79.0,2,0.5,-60,85.0,2,0.75,-63,80.0,2,1.0,-65,86.0,2,1.25,-58,76.0,2,1.5,-67,86.0,2,1.75,-64,92.0,2,2.0,-63,84.0,2,2.25,-60,90.0,2,2.5,-63,42.0,3,2.75,-65,90.0,2,3.0,-67,87.0,2,3.25,-65,94.0,2,3.5,-73,98.0,2,3.75,-70,88.0,2,4.0,-69,47.0,3,4.25,-69,77.0,2,4.5,-66,118.0,2,4.75,-67,92.0,2,5.0,-70,99.0,2,5.25,-74,109.0,3,5.5,-67,93.0,2,5.75,-74,93.0,2,6.0
-35,87.0,2,0.0,-48,83.0,2,0.25,-55,80.0,2,0.5,-61,86.0,2,0.75,-57,82.0,2,1.0,-63,87.0,2,1.25,-64,78.0,2,1.5,-66,90.0,2,1.75,-63,95.0,2,2.0,-63,87.0,2,2.25,-69,91.0,2,2.5,-70,44.0,3,2.75,-67,92.0,2,3.0,-66,91.0,2,3.25,-65,96.0,2,3.5,-67,99.0,2,3.75,-65,90.0,2,4.0,-69,48.0,3,4.25,-70,79.0,2,4.5,-68,120.0,2,4.75,-68,94.0,2,5.0,-73,101.0,2,5.25,-70,111.0,3,5.5,-67,94.0,2,5.75,-70,94.0,2,6.0
-36,89.0,2,0.0,-48,84.0,2,0.25,-54,83.0,2,0.5,-61,88.0,2,0.75,-63,83.0,2,1.0,-62,89.0,2,1.25,-57,80.0,2,1.5,-66,91.0,2,1.75,-64,96.0,2,2.0,-66,89.0,2,2.25,-69,93.0,2,2.5,-65,45.0,3,2.75,-67,93.0,2,3.0,-66,92.0,2,3.25,-65,97.0,2,3.5,-73,101.0,2,3.75,-65,91.0,2,4.0,-69,50.0,3,4.25,-71,80.0,2,4.5,-67,-0.0,3,4.75,-68,95.0,2,5.0,-69,102.0,2,5.25,-74,113.0,3,5.5,-65,96.0,2,5.75,-74,96.0,2,6.0
-36,90.0,2,0.0,-49,85.0,2,0.25,-55,84.0,2,0.5,-59,89.0,2,0.75,-57,85.0,2,1.0,-65,90.0,2,1.25,-63,82.0,2,1.5,-63,93.0,2,1.75,-64,97.0,2,2.0,-62,90.0,2,2.25,-60,94.0,2,2.5,-66,47.0,3,2.75,-66,95.0,2,3.0,-66,96.0,2,3.25,-65,98.0,2,3.5,-73,102.0,2,3.75,-65,92.0,2,4.0,-70,52.0,3,4.25,-71,82.0,2,4.5,-67,2.0,3,4.75,-68,97.0,2,5.0,-69,104.0,2,5.25,-74,114.0,3,5.5,-66,97.0,2,5.75,-74,97.0,2,6.0
-37,91.0,2,0.0,-48,88.0,2,0.25,-54,86.0,2,0.5,-61,91.0,2,0.75,-63,87.0,2,1.0,-62,92.0,2,1.25,-60,83.0,2,1.5,-68,94.0,2,1.75,-64,99.0,2,2.0,-63,92.0,2,2.25,-69,95.0,2,2.5,-70,48.0,3,2.75,-66,96.0,2,3.0,-66,98.0,2,3.25,-64,100.0,2,3.5,-71,103.0,2,3.75,-65,94.0,2,4.0,-70,54.0,3,4.25,-71,83.0,2,4.5,-64,3.0,3,4.75,-68,98.0,2,5.0,-69,105.0,2,5.25,-70,116.0,3,5.5,-66,100.0,2,5.75,-74,99.0,2,6.0
-36,93.0,2,0.0,-48,90.0,2,0.25,-55,87.0,2,0.5,-62,92.0,2,0.75,-63,88.0,2,1.0,-62,93.0,2,1.25,-60,85.0,2,1.5,-68,96.0,2,1.75,-64,100.0,2,2.0,-63,93.0,2,2.25,-69,97.0,2,2.5,-66,49.0,3,2.75,-70,98.0,2,3.0,-66,99.0,2,3.25,-65,101.0,2,3.5,-71,105.0,2,3.75,-65,95.0,2,4.0,-70,55.0,3,4.25,-71,84.0,2,4.5,-67,4.0,3,4.75,-68,99.0,2,5.0,-69,108.0,2,5.25,-70,117.0,3,5.5,-66,102.0,2,5.75,-75,100.0,2,6.0
-36,94.0,2,0.0,-48,91.0,2,0.25,-56,88.0,2,0.5,-59,93.0,2,0.75,-57,89.0,2,1.0,-65,95.0,2,1.25,-63,86.0,2,1.5,-63,97.0,2,1.75,-64,102.0,2,2.0,-63,95.0,2,2.25,-61,98.0,2,2.5,-66,51.0,3,2.75,-66,99.0,2,3.0,-65,102.0,2,3.25,-65,102.0,2,3.5,-72,106.0,2,3.75,-64,98.0,2,4.0,-71,57.0,3,4.25,-69,86.0,2,4.5,-66,6.0,3,4.75,-69,102.0,2,5.0,-65,110.0,2,5.25,,,,,-66,103.0,2,5.75,-75,101.0,2,6.0
-36,96.0,2,0.0,-49,92.0,2,0.25,-53,90.0,2,0.5,-61,95.0,2,0.75,-63,91.0,2,1.0,-63,96.0,2,1.25,-63,87.0,2,1.5,-63,98.0,2,1.75,-64,104.0,2,2.0,-63,96.0,2,2.25,-69,101.0,2,2.5,-69,52.0,3,2.75,-69,100.0,2,3.0,-65,104.0,2,3.25,-65,104.0,2,3.5,-71,109.0,2,3.75,-64,99.0,2,4.0,-70,58.0,3,4.25,-71,87.0,2,4.5,-67,7.0,3,4.75,-67,103.0,2,5.0,-70,112.0,2,5.25,,,,,-66,105.0,2,5.75,-70,103.0,2,6.0
-35,98.0,2,0.0,-48,94.0,2,0.25,-55,91.0,2,0.5,-59,96.0,2,0.75,-63,92.0,2,1.0,-63,97.0,2,1.25,-58,89.0,2,1.5,-66,100.0,2,1.75,-63,106.0,2,2.0,-63,99.0,2,2.25,-61,102.0,2,2.5,-68,53.0,3,2.75,-70,102.0,2,3.0,-65,105.0,2,3.25,-65,105.0,2,3.5,-72,112.0,2,3.75,-69,101.0,2,4.0,-70,59.0,3,4.25,-71,88.0,2,4.5,-67,9.0,3,4.75,-69,105.0,2,5.0,-70,113.0,2,5.25,,,,,-66,106.0,2,5.75,-75,104.0,2,6.0
-35,100.0,2,0.0,-48,95.0,2,0.25,-55,93.0,2,0.5,-61,97.0,2,0.75,-57,94.0,2,1.0,-65,99.0,2,1.25,-58,92.0,2,1.5,-63,101.0,2,1.75,-64,107.0,2,2.0,-66,101.0,2,2.25,-69,104.0,2,2.5,-69,55.0,3,2.75,-66,103.0,2,3.0,-67,108.0,2,3.25,-68,107.0,2,3.5,-71,113.0,2,3.75,-67,102.0,2,4.0,-70,61.0,3,4.25,-69,90.0,2,4.5,-67,10.0,3,4.75,-69,106.0,2,5.0,-69,115.0,2,5.25,,,,,-66,108.0,2,5.75,-75,105.0,2,6.0
-36,101.0,2,0.0,-48,97.0,2,0.25,-54,94.0,2,0.5,-61,99.0,2,0.75,-63,95.0,2,1.0,-65,100.0,2,1.25,-64,93.0,2,1.5,-66,104.0,2,1.75,-64,109.0,2,2.0,-66,102.0,2,2.25,-69,105.0,2,2.5,-70,57.0,3,2.75,-70,105.0,2,3.0,-66,109.0,2,3.25,-64,108.0,2,3.5,-73,115.0,2,3.75,-70,103.0,2,4.0,-70,62.0,3,4.25,-71,91.0,2,4.5,-65,11.0,3,4.75,-68,108.0,2,5.0,-71,116.0,2,5.25,,,,,-67,109.0,2,5.75,-69,107.0,2,6.0
-36,102.0,2,0.0,-48,98.0,2,0.25,-54,95.0,2,0.5,-61,100.0,2,0.75,-63,96.0,2,1.0,-62,101.0,2,1.25,-59,95.0,2,1.5,-63,105.0,2,1.75,-64,110.0,2,2.0,-63,103.0,2,2.25,-62,106.0,2,2.5,-69,60.0,3,2.75,-70,107.0,2,3.0,-65,111.0,2,3.25,-65,109.0,2,3.5,-70,117.0,2,3.75,-70,105.0,2,4.0,-71,64.0,3,4.25,-71,93.0,2,4.5,-67,14.0,3,4.75,-69,109.0,2,5.0,-71,117.0,2,5.25,,,,,-66,110.0,2,5.75,-74,108.0,2,6.0
-34,104.0,2,0.0,-48,99.0,2,0.25,-56,97.0,2,0.5,-58,102.0,2,0.75,-57,98.0,2,1.0,-65,103.0,2,1.25,-57,97.0,2,1.5,-68,106.0,2,1.75,-64,112.0,2,2.0,-66,105.0,2,2.25,-70,109.0,2,2.5,-69,61.0,3,2.75,-70,109.0,2,3.0,-67,112.0,2,3.25,-67,111.0,2,3.5,-71,119.0,2,3.75,-65,106.0,2,4.0,-68,65.0,3,4.25,-71,94.0,2,4.5,-67,15.0,3,4.75,-68,110.0,2,5.0,-71,119.0,2,5.25,,,,,-66,112.0,2,5.75,-73,110.0,2,6.0
-36,105.0,2,0.0,-49,102.0,2,0.25,-55,98.0,2,0.5,-58,103.0,2,0.75,-57,99.0,2,1.0,-62,104.0,2,1.25,-57,98.0,2,1.5,-63,108.0,2,1.75,-64,113.0,2,2.0,-66,106.0,2,2.25,-70,112.0,2,2.5,-70,63.0,3,2.75,-66,111.0,2,3.0,-66,113.0,2,3.25,-66,112.0,2,3.5,-65,-0.0,3,3.75,-71,108.0,2,4.0,-69,67.0,3,4.25,-71,95.0,2,4.5,-66,17.0,3,4.75,-68,112.0,2,5.0,-68,-0.0,3,5.25,,,,,-68,113.0,2,5.75,-70,111.0,2,6.0
-34,106.0,2,0.0,-52,103.0,2,0.25,-55,99.0,2,0.5,-60,104.0,2,0.75,-63,100.0,2,1.0,-62,106.0,2,1.25,-59,100.0,2,1.5,-63,109.0,2,1.75,-64,116.0,2,2.0,-66,109.0,2,2.25,-61,113.0,2,2.5,-69,65.0,3,2.75,-66,113.0,2,3.0,-66,115.0,2,3.25,-65,113.0,2,3.5,-65,1.0,3,3.75,-63,109.0,2,4.0,-68,70.0,3,4.25,-71,98.0,2,4.5,-67,18.0,3,4.75,-69,113.0,2,5.0,-68,3.0,3,5.25,,,,,-65,114.0,2,5.75,-70,112.0,2,6.0
-35,108.0,2,0.0,-51,105.0,2,0.25,-55,101.0,2,0.5,-58,106.0,2,0.75,-57,102.0,2,1.0,-65,107.0,2,1.25,-58,101.0,2,1.5,-63,111.0,2,1.75,-64,117.0,2,2.0,-66,110.0,2,2.25,-61,115.0,2,2.5,-68,67.0,3,2.75,-70,114.0,2,3.0,-67,116.0,2,3.25,-65,115.0,2,3.5,-68,3.0,3,3.75,-65,110.0,2,4.0,-70,73.0,3,4.25,-71,100.0,2,4.5,-65,20.0,3,4.75,-70,116.0,2,5.0,-68,4.0,3,5.25,,,,,-66,117.0,2,5.75,-75,114.0,2,6.0
-40,109.0,2,0.0,-48,106.0,2,0.25,-55,102.0,2,0.5,-54,107.0,2,0.75,-63,103.0,2,1.0,-65,108.0,2,1.25,-63,102.0,2,1.5,-63,112.0,2,1.75,-64,118.0,2,2.0,-63,112.0,2,2.25,-61,116.0,2,2.5,-69,68.0,3,2.75,-65,115.0,2,3.0,-67,119.0,2,3.25,-64,116.0,2,3.5,-66,4.0,3,3.75,-70,112.0,2,4.0,-70,74.0,3,4.25,-71,101.0,2,4.5,-67,21.0,3,4.75,-70,118.0,2,5.0,-67,11.0,3,5.25,,,,,-69,120.0,2,5.75,-72,115.0,2,6.0
-34,111.0,2,0.0,-48,107.0,2,0.25,-55,103.0,2,0.5,-60,108.0,2,0.75,-65,105.0,2,1.0,-62,110.0,2,1.25,-59,104.0,2,1.5,-63,113.0,2,1.75,-64,-0.0,3,2.0,-64,115.0,2,2.25,-60,118.0,2,2.5,-69,69.0,3,2.75,-70,117.0,2,3.0,-66,120.0,2,3.25,-65,118.0,2,3.5,-66,6.0,3,3.75,-71,113.0,2,4.0,-69,75.0,3,4.25,-70,102.0,2,4.5,-67,22.0,3,4.75,-75,-0.0,3,5.0,-75,12.0,3,5.25,,,,,-68,-0.0,3,5.75,-72,116.0,2,6.0
-34,112.0,2,0.0,-50,109.0,2,0.25,-55,105.0,2,0.5,-58,110.0,2,0.75,-57,106.0,2,1.0,-62,111.0,2,1.25,-59,105.0,2,1.5,-66,115.0,2,1.75,-67,1.0,3,2.0,-65,117.0,2,2.25,-70,120.0,2,2.5,-65,71.0,3,2.75,-71,118.0,2,3.0,-66,-0.0,3,3.25,-65,119.0,2,3.5,-68,7.0,3,3.75,-65,114.0,2,4.0,-69,77.0,3,4.25,-70,104.0,2,4.5,-64,24.0,3,4.75,-75,1.0,3,5.0,-75,14.0,3,5.25,,,,,-65,1.0,3,5.75,-74,118.0,2,6.0
-41,113.0,2,0.0,-48,110.0,2,0.25,-55,106.0,2,0.5,-59,111.0,2,0.75,-63,107.0,2,1.0,-64,113.0,2,1.25,-63,107.0,2,1.5,-65,116.0,2,1.75,-64,2.0,3,2.0,-63,118.0,2,2.25,-65,-0.0,3,2.5,-70,72.0,3,2.75,-67,-0.0,3,3.0,-64,2.0,3,3.25,-70,-0.0,3,3.5,-68,8.0,3,3.75,-64,116.0,2,4.0,-69,79.0,3,4.25,-70,105.0,2,4.5,-66,25.0,3,4.75,-75,2.0,3,5.0,-68,15.0,3,5.25,,,,,-65,2.0,3,5.75,-74,119.0,2,6.0
-34,115.0,2,0.0,-48,112.0,2,0.25,-54,108.0,2,0.5,-61,113.0,2,0.75,-65,109.0,2,1.0,-62,116.0,2,1.25,-63,108.0,2,1.5,-68,-0.0,3,1.75,-64,4.0,3,2.0,-62,-0.0,3,2.25,-72,1.0,3,2.5,-68,74.0,3,2.75,-66,3.0,3,3.0,-65,3.0,3,3.25,-69,1.0,3,3.5,-64,9.0,3,3.75,-71,117.0,2,4.0,-70,81.0,3,4.25,-70,106.0,2,4.5,-67,26.0,3,4.75,-66,5.0,3,5.0,-75,16.0,3,5.25,,,,,-67,4.0,3,5.75,-72,-0.0,3,6.0
-36,116.0,2,0.0,-49,113.0,2,0.25,-54,109.0,2,0.5,-64,114.0,2,0.75,-57,110.0,2,1.0,-65,119.0,2,1.25,-57,109.0,2,1.5,-65,1.0,3,1.75,-66,5.0,3,2.0,-62,1.0,3,2.25,-65,3.0,3,2.5,-66,75.0,3,2.75,-72,5.0,3,3.0,-64,5.0,3,3.25,-71,3.0,3,3.5,-68,11.0,3,3.75,-69,-0.0,3,4.0,-69,82.0,3,4.25,-71,108.0,2,4.5,-64,28.0,3,4.75,-66,7.0,3,5.0,-68,19.0,3,5.25,,,,,-67,5.0,3,5.75,-71,2.0,3,6.0
-36,119.0,2,0.0,-48,115.0,2,0.25,-55,110.0,2,0.5,-58,115.0,2,0.75,-63,111.0,2,1.0,-63,-0.0,3,1.25,-63,111.0,2,1.5,-65,3.0,3,1.75,-64,6.0,3,2.0,-65,3.0,3,2.25,-65,4.0,3,2.5,-67,76.0,3,2.75,-67,7.0,3,3.0,-65,6.0,3,3.25,-71,4.0,3,3.5,-66,12.0,3,3.75,-68,1.0,3,4.0,-70,84.0,3,4.25,-70,109.0,2,4.5,-64,29.0,3,4.75,-66,8.0,3,5.0,-68,22.0,3,5.25,,,,,-62,7.0,3,5.75,-71,4.0,3,6.0
-37,120.0,2,0.0,-48,116.0,2,0.25,-55,112.0,2,0.5,-61,117.0,2,0.75,-57,113.0,2,1.0,-65,1.0,3,1.25,-58,112.0,2,1.5,-64,6.0,3,1.75,-64,8.0,3,2.0,-63,4.0,3,2.25,-65,5.0,3,2.5,-67,78.0,3,2.75,-67,8.0,3,3.0,-65,8.0,3,3.25,-69,5.0,3,3.5,-68,16.0,3,3.75,-69,3.0,3,4.0,-71,86.0,3,4.25,-70,111.0,2,4.5,-67,31.0,3,4.75,-66,10.0,3,5.0,-68,23.0,3,5.25,,,,,-67,8.0,3,5.75,-72,5.0,3,6.0
-30,-0.0,3,0.0,-49,118.0,2,0.25,-56,113.0,2,0.5,-61,119.0,2,0.75,-57,114.0,2,1.0,-65,3.0,3,1.25,-67,113.0,2,1.5,-62,7.0,3,1.75,-67,9.0,3,2.0,-64,5.0,3,2.25,-65,7.0,3,2.5,-70,80.0,3,2.75,-72,9.0,3,3.0,-65,9.0,3,3.25,-69,7.0,3,3.5,-68,17.0,3,3.75,-69,5.0,3,4.0,-71,88.0,3,4.25,-70,112.0,2,4.5,-67,32.0,3,4.75,-65,12.0,3,5.0,-68,26.0,3,5.25,,,,,-66,9.0,3,5.75,-71,6.0,3,6.0
-30,1.0,3,0.0,-46,119.0,2,0.25,-55,115.0,2,0.5,-58,120.0,2,0.75,-62,116.0,2,1.0,-63,4.0,3,1.25,-58,115.0,2,1.5,-68,8.0,3,1.75,-64,11.0,3,2.0,-64,7.0,3,2.25,-71,10.0,3,2.5,-67,81.0,3,2.75,-68,11.0,3,3.0,-65,11.0,3,3.25,-63,9.0,3,3.5,-68,19.0,3,3.75,-69,7.0,3,4.0,-70,90.0,3,4.25,-70,113.0,2,4.5,-65,33.0,3,4.75,-65,14.0,3,5.0,-68,27.0,3,5.25,,,,,-62,11.0,3,5.75,-74,8.0,3,6.0
-30,2.0,3,0.0,-49,-0.0,3,0.25,-55,116.0,2,0.5,-58,-0.0,3,0.75,-57,117.0,2,1.0,-63,5.0,3,1.25,-60,116.0,2,1.5,-65,10.0,3,1.75,-64,12.0,3,2.0,-63,8.0,3,2.25,-67,13.0,3,2.5,-65,83.0,3,2.75,-67,12.0,3,3.0,-65,12.0,3,3.25,-69,12.0,3,3.5,-65,21.0,3,3.75,-69,9.0,3,4.0,-70,92.0,3,4.25,-69,116.0,2,4.5,-67,35.0,3,4.75,-66,15.0,3,5.0,-68,30.0,3,5.25,,,,,-67,12.0,3,5.75,-72,10.0,3,6.0
-30,4.0,3,0.0,-49,1.0,3,0.25,-53,117.0,2,0.5,-62,1.0,3,0.75,-58,118.0,2,1.0,-62,7.0,3,1.25,-59,118.0,2,1.5,-62,11.0,3,1.75,-67,13.0,3,2.0,-65,9.0,3,2.25,-71,14.0,3,2.5,-70,84.0,3,2.75,-73,13.0,3,3.0,-63,14.0,3,3.25,-69,13.0,3,3.5,-68,22.0,3,3.75,-68,10.0,3,4.0,-70,95.0,3,4.25,-69,117.0,2,4.5,-67,36.0,3,4.75,-65,16.0,3,5.0,-68,31.0,3,5.25,,,,,-67,13.0,3,5.75,-72,11.0,3,6.0
-30,5.0,3,0.0,-49,3.0,3,0.25,-55,119.0,2,0.5,-59,3.0,3,0.75,-60,-0.0,3,1.0,-62,8.0,3,1.25,-58,119.0,2,1.5,-69,12.0,3,1.75,-64,15.0,3,2.0,-68,11.0,3,2.25,-64,15.0,3,2.5,-66,86.0,3,2.75,-68,15.0,3,3.0,-63,17.0,3,3.25,-63,16.0,3,3.5,-68,23.0,3,3.75,-68,12.0,3,4.0,-70,96.0,3,4.25,-70,119.0,2,4.5,-65,38.0,3,4.75,-75,21.0,3,5.0,-68,33.0,3,5.25,,,,,-65,15.0,3,5.75,-73,13.0,3,6.0
-30,7.0,3,0.0,-49,4.0,3,0.25,-54,120.0,2,0.5,-62,4.0,3,0.75,-61,1.0,3,1.0,-65,10.0,3,1.25,-63,-0.0,3,1.5,-65,14.0,3,1.75,-64,16.0,3,2.0,-68,12.0,3,2.25,-71,17.0,3,2.5,-70,88.0,3,2.75,-71,16.0,3,3.0,-65,18.0,3,3.25,-70,18.0,3,3.5,-65,25.0,3,3.75,-69,13.0,3,4.0,-66,97.0,3,4.25,-67,-0.0,3,4.5,-66,39.0,3,4.75,-74,22.0,3,5.0,-71,34.0,3,5.25,,,,,-67,16.0,3,5.75,-72,16.0,3,6.0
-30,8.0,3,0.0,-50,5.0,3,0.25,-54,-0.0,3,0.5,-59,7.0,3,0.75,-62,2.0,3,1.0,-65,11.0,3,1.25,-63,2.0,3,1.5,-68,15.0,3,1.75,-67,17.0,3,2.0,-65,14.0,3,2.25,-65,18.0,3,2.5,-65,90.0,3,2.75,-71,18.0,3,3.0,-65,21.0,3,3.25,-70,19.0,3,3.5,-68,26.0,3,3.75,-69,14.0,3,4.0,-70,100.0,3,4.25,-68,1.0,3,4.5,-65,41.0,3,4.75,-66,27.0,3,5.0,-68,38.0,3,5.25,,,,,-66,18.0,3,5.75,-71,17.0,3,6.0
-30,9.0,3,0.0,-49,7.0,3,0.25,-57,1.0,3,0.5,-62,8.0,3,0.75,-60,4.0,3,1.0,-63,12.0,3,1.25,-63,3.0,3,1.5,-68,17.0,3,1.75,-64,19.0,3,2.0,-63,15.0,3,2.25,-67,19.0,3,2.5,-66,91.0,3,2.75,-68,19.0,3,3.0,-65,22.0,3,3.25,-63,21.0,3,3.5,-68,28.0,3,3.75,-69,16.0,3,4.0,-70,102.0,3,4.25,-67,3.0,3,4.5,-67,42.0,3,4.75,-70,30.0,3,5.0,-67,44.0,3,5.25,,,,,-67,19.0,3,5.75,-72,19.0,3,6.0
-30,11.0,3,0.0,-49,8.0,3,0.25,-54,2.0,3,0.5,-62,9.0,3,0.75,-60,5.0,3,1.0,-63,14.0,3,1.25,-61,4.0,3,1.5,-65,18.0,3,1.75,-64,20.0,3,2.0,-62,17.0,3,2.25,-71,22.0,3,2.5,-70,92.0,3,2.75,-68,20.0,3,3.0,-65,24.0,3,3.25,-71,22.0,3,3.5,-68,29.0,3,3.75,-67,17.0,3,4.0,-69,103.0,3,4.25,-67,4.0,3,4.5,-67,43.0,3,4.75,-66,32.0,3,5.0,-71,46.0,3,5.25,,,,,-67,20.0,3,5.75,-72,20.0,3,6.0
-30,12.0,3,0.0,-48,10.0,3,0.25,-54,4.0,3,0.5,-59,11.0,3,0.75,-63,6.0,3,1.0,-62,15.0,3,1.25,-66,6.0,3,1.5,-65,19.0,3,1.75,-67,22.0,3,2.0,-63,18.0,3,2.25,-65,23.0,3,2.5,-66,94.0,3,2.75,-71,22.0,3,3.0,-65,25.0,3,3.25,-65,23.0,3,3.5,-67,30.0,3,3.75,-69,19.0,3,4.0,-69,105.0,3,4.25,-69,6.0,3,4.5,-65,45.0,3,4.75,-67,33.0,3,5.0,-67,49.0,3,5.25,,,,,-66,22.0,3,5.75,-72,21.0,3,6.0
-30,13.0,3,0.0,-48,14.0,3,0.25,-59,5.0,3,0.5,-61,12.0,3,0.75,-60,9.0,3,1.0,-62,17.0,3,1.25,-61,9.0,3,1.5,-68,21.0,3,1.75,-64,23.0,3,2.0,-62,20.0,3,2.25,-65,25.0,3,2.5,-65,95.0,3,2.75,-68,23.0,3,3.0,-65,26.0,3,3.25,-63,25.0,3,3.5,-65,33.0,3,3.75,-67,21.0,3,4.0,-69,107.0,3,4.25,-67,7.0,3,4.5,-68,46.0,3,4.75,-67,34.0,3,5.0,-68,51.0,3,5.25,,,,,-67,23.0,3,5.75,-72,24.0,3,6.0
-30,15.0,3,0.0,-51,15.0,3,0.25,-57,8.0,3,0.5,-62,14.0,3,0.75,-60,11.0,3,1.0,-63,18.0,3,1.25,-59,11.0,3,1.5,-65,22.0,3,1.75,-64,25.0,3,2.0,-62,22.0,3,2.25,-65,26.0,3,2.5,-70,97.0,3,2.75,-70,26.0,3,3.0,-65,29.0,3,3.25,-68,26.0,3,3.5,-67,36.0,3,3.75,-68,23.0,3,4.0,-70,108.0,3,4.25,-67,8.0,3,4.5,-66,49.0,3,4.75,-70,36.0,3,5.0,-74,60.0,3,5.25,,,,,-67,24.0,3,5.75,-71,29.0,3,6.0
-30,16.0,3,0.0,-49,17.0,3,0.25,-57,9.0,3,0.5,-62,15.0,3,0.75,-60,12.0,3,1.0,-62,19.0,3,1.25,-59,12.0,3,1.5,-68,23.0,3,1.75,-67,26.0,3,2.0,-63,23.0,3,2.25,-65,27.0,3,2.5,-65,98.0,3,2.75,-68,27.0,3,3.0,-64,31.0,3,3.25,-68,27.0,3,3.5,-64,37.0,3,3.75,-68,24.0,3,4.0,-70,109.0,3,4.25,-67,10.0,3,4.5,-66,51.0,3,4.75,-75,38.0,3,5.0,-68,62.0,3,5.25,,,,,-66,26.0,3,5.75,-73,31.0,3,6.0
-30,19.0,3,0.0,-49,18.0,3,0.25,-54,11.0,3,0.5,-56,16.0,3,0.75,-60,13.0,3,1.0,-63,21.0,3,1.25,-62,13.0,3,1.5,-68,25.0,3,1.75,-64,27.0,3,2.0,-63,24.0,3,2.25,-72,29.0,3,2.5,-69,101.0,3,2.75,-72,28.0,3,3.0,-66,35.0,3,3.25,-63,29.0,3,3.5,-67,39.0,3,3.75,-69,26.0,3,4.0,-70,112.0,3,4.25,-69,11.0,3,4.5,-67,52.0,3,4.75,-70,40.0,3,5.0,-75,63.0,3,5.25,,,,,-67,27.0,3,5.75,-72,32.0,3,6.0
-30,21.0,3,0.0,-51,19.0,3,0.25,-55,12.0,3,0.5,-62,18.0,3,0.75,-62,15.0,3,1.0,-64,22.0,3,1.25,-59,14.0,3,1.5,-65,26.0,3,1.75,-67,30.0,3,2.0,-63,26.0,3,2.25,-72,30.0,3,2.5,-65,102.0,3,2.75,-73,30.0,3,3.0,-65,37.0,3,3.25,-63,30.0,3,3.5,-65,40.0,3,3.75,-68,28.0,3,4.0,-71,114.0,3,4.25,-67,12.0,3,4.5,-67,55.0,3,4.75,-70,41.0,3,5.0,-68,64.0,3,5.25,,,,,-67,29.0,3,5.75,-73,36.0,3,6.0
-30,22.0,3,0.0,-49,21.0,3,0.25,-58,14.0,3,0.5,-60,19.0,3,0.75,-60,16.0,3,1.0,-65,24.0,3,1.25,-63,16.0,3,1.5,-64,30.0,3,1.75,-64,32.0,3,2.0,-62,27.0,3,2.25,-65,31.0,3,2.5,-66,104.0,3,2.75,-72,31.0,3,3.0,-65,40.0,3,3.25,-63,32.0,3,3.5,-64,41.0,3,3.75,-69,30.0,3,4.0,-69,116.0,3,4.25,-69,14.0,3,4.5,-66,56.0,3,4.75,-73,43.0,3,5.0,-68,66.0,3,5.25,,,,,-65,30.0,3,5.75,-71,37.0,3,6.0
-30,24.0,3,0.0,-49,23.0,3,0.25,-58,15.0,3,0.5,-60,20.0,3,0.75,-60,17.0,3,1.0,-63,25.0,3,1.25,-61,17.0,3,1.5,-68,32.0,3,1.75,-67,33.0,3,2.0,-63,29.0,3,2.25,-72,33.0,3,2.5,-68,105.0,3,2.75,-72,33.0,3,3.0,-65,42.0,3,3.25,-71,36.0,3,3.5,-64,43.0,3,3.75,-68,33.0,3,4.0,-70,118.0,3,4.25,-69,15.0,3,4.5,-67,58.0,3,4.75,-73,44.0,3,5.0,-75,68.0,3,5.25,,,,,-65,31.0,3,5.75,-71,38.0,3,6.0
-30,25.0,3,0.0,-49,25.0,3,0.25,-57,16.0,3,0.5,-59,22.0,3,0.75,-63,19.0,3,1.0,-62,26.0,3,1.25,-62,19.0,3,1.5,-65,33.0,3,1.75,-67,35.0,3,2.0,-64,30.0,3,2.25,-71,34.0,3,2.5,-65,107.0,3,2.75,-72,34.0,3,3.0,-66,43.0,3,3.25,-71,37.0,3,3.5,-65,44.0,3,3.75,-68,34.0,3,4.0,-71,119.0,3,4.25,-67,17.0,3,4.5,-67,60.0,3,4.75,-66,45.0,3,5.0,-67,70.0,3,5.25,,,,,-67,33.0,3,5.75,-72,40.0,3,6.0
-30,28.0,3,0.0,-49,28.0,3,0.25,-62,17.0,3,0.5,-59,23.0,3,0.75,-60,20.0,3,1.0,-63,28.0,3,1.25,-65,20.0,3,1.5,-65,35.0,3,1.75,-67,36.0,3,2.0,-63,32.0,3,2.25,-71,36.0,3,2.5,-65,108.0,3,2.75,-67,35.0,3,3.0,-65,46.0,3,3.25,-70,42.0,3,3.5,-64,45.0,3,3.75,-68,36.0,3,4.0,,,,,-67,18.0,3,4.5,-66,61.0,3,4.75,-66,47.0,3,5.0,-74,72.0,3,5.25,,,,,-67,34.0,3,5.75,-73,43.0,3,6.0
-30,30.0,3,0.0,-48,30.0,3,0.25,-54,19.0,3,0.5,-61,25.0,3,0.75,-61,22.0,3,1.0,-63,29.0,3,1.25,-61,22.0,3,1.5,-68,36.0,3,1.75,-67,38.0,3,2.0,-63,33.0,3,2.25,-72,37.0,3,2.5,-69,109.0,3,2.75,-72,37.0,3,3.0,-65,47.0,3,3.25,-62,43.0,3,3.5,-67,47.0,3,3.75,-69,38.0,3,4.0,,,,,-67,19.0,3,4.5,-66,62.0,3,4.75,-69,48.0,3,5.0,-68,74.0,3,5.25,,,,,-67,36.0,3,5.75,-71,44.0,3,6.0
-30,31.0,3,0.0,-50,31.0,3,0.25,-57,20.0,3,0.5,-60,26.0,3,0.75,-62,23.0,3,1.0,-63,31.0,3,1.25,-65,23.0,3,1.5,-65,37.0,3,1.75,-64,39.0,3,2.0,-63,34.0,3,2.25,-72,38.0,3,2.5,-66,111.0,3,2.75,-69,38.0,3,3.0,-64,49.0,3,3.25,-63,45.0,3,3.5,-65,48.0,3,3.75,-69,39.0,3,4.0,,,,,-67,21.0,3,4.5,-67,64.0,3,4.75,-67,49.0,3,5.0,-68,75.0,3,5.25,,,,,-67,37.0,3,5.75,-73,46.0,3,6.0
-30,33.0,3,0.0,-49,34.0,3,0.25,-54,22.0,3,0.5,-60,28.0,3,0.75,-60,24.0,3,1.0,-63,33.0,3,1.25,-63,24.0,3,1.5,-65,39.0,3,1.75,-67,41.0,3,2.0,-63,36.0,3,2.25,-72,40.0,3,2.5,-65,114.0,3,2.75,-68,40.0,3,3.0,-65,50.0,3,3.25,-69,47.0,3,3.5,-67,50.0,3,3.75,-69,41.0,3,4.0,,,,,-67,22.0,3,4.5,-67,66.0,3,4.75,-70,51.0,3,5.0,-68,77.0,3,5.25,,,,,-67,38.0,3,5.75,-71,48.0,3,6.0
-30,34.0,3,0.0,-49,35.0,3,0.25,-54,23.0,3,0.5,-62,29.0,3,0.75,-60,26.0,3,1.0,-62,34.0,3,1.25,-61,26.0,3,1.5,-65,40.0,3,1.75,-67,42.0,3,2.0,-62,37.0,3,2.25,-71,41.0,3,2.5,-71,115.0,3,2.75,-68,41.0,3,3.0,-65,51.0,3,3.25,-64,48.0,3,3.5,-67,51.0,3,3.75,-68,42.0,3,4.0,,,,,-69,24.0,3,4.5,-67,68.0,3,4.75,-65,52.0,3,5.0,-71,81.0,3,5.25,,,,,-67,40.0,3,5.75,-73,50.0,3,6.0
-30,35.0,3,0.0,-49,37.0,3,0.25,-60,25.0,3,0.5,-59,31.0,3,0.75,-60,27.0,3,1.0,-62,36.0,3,1.25,-63,27.0,3,1.5,-68,41.0,3,1.75,-64,44.0,3,2.0,-65,40.0,3,2.25,-71,42.0,3,2.5,-66,118.0,3,2.75,-67,42.0,3,3.0,-65,54.0,3,3.25,-63,50.0,3,3.5,-65,52.0,3,3.75,-69,43.0,3,4.0,,,,,-67,25.0,3,4.5,-67,69.0,3,4.75,-67,54.0,3,5.0,-68,85.0,3,5.25,,,,,-70,41.0,3,5.75,-74,52.0,3,6.0
-30,39.0,3,0.0,-51,38.0,3,0.25,-54,26.0,3,0.5,-59,32.0,3,0.75,-60,28.0,3,1.0,-63,37.0,3,1.25,-67,28.0,3,1.5,-65,46.0,3,1.75,-67,45.0,3,2.0,-63,41.0,3,2.25,-71,44.0,3,2.5,-69,120.0,3,2.75,-69,44.0,3,3.0,-65,55.0,3,3.25,-71,51.0,3,3.5,-66,54.0,3,3.75,-69,45.0,3,4.0,,,,,-70,26.0,3,4.5,-67,71.0,3,4.75,-70,55.0,3,5.0,-69,88.0,3,5.25,,,,,-70,42.0,3,5.75,-73,53.0,3,6.0
-30,40.0,3,0.0,-49,40.0,3,0.25,-54,27.0,3,0.5,-61,34.0,3,0.75,-60,30.0,3,1.0,-63,39.0,3,1.25,-67,30.0,3,1.5,-68,47.0,3,1.75,-67,46.0,3,2.0,-65,42.0,3,2.25,-71,45.0,3,2.5,,,,,-72,45.0,3,3.0,-65,58.0,3,3.25,-63,52.0,3,3.5,-68,55.0,3,3.75,-69,46.0,3,4.0,,,,,-67,28.0,3,4.5,-67,72.0,3,4.75,-65,56.0,3,5.0,-70,89.0,3,5.25,,,,,-67,44.0,3,5.75,-73,54.0,3,6.0
-30,42.0,3,0.0,-49,41.0,3,0.25,-54,29.0,3,0.5,-58,35.0,3,0.75,-62,31.0,3,1.0,-63,40.0,3,1.25,-62,31.0,3,1.5,-68,48.0,3,1.75,-64,48.0,3,2.0,-62,44.0,3,2.25,-72,46.0,3,2.5,,,,,-68,46.0,3,3.0,-67,59.0,3,3.25,-63,54.0,3,3.5,-66,56.0,3,3.75,-69,48.0,3,4.0,,,,,-67,29.0,3,4.5,-66,73.0,3,4.75,-67,58.0,3,5.0,-68,92.0,3,5.25,,,,,-70,45.0,3,5.75,-72,57.0,3,6.0
-30,44.0,3,0.0,-50,43.0,3,0.25,-54,30.0,3,0.5,-61,36.0,3,0.75,-60,33.0,3,1.0,-64,43.0,3,1.25,-63,32.0,3,1.5,-68,50.0,3,1.75,-68,49.0,3,2.0,-62,45.0,3,2.25,-65,48.0,3,2.5,,,,,-68,48.0,3,3.0,-64,61.0,3,3.25,-71,55.0,3,3.5,-65,58.0,3,3.75,-68,51.0,3,4.0,,,,,-68,30.0,3,4.5,-67,75.0,3,4.75,-74,59.0,3,5.0,-68,96.0,3,5.25,,,,,-66,47.0,3,5.75,-72,58.0,3,6.0
-30,45.0,3,0.0,-49,44.0,3,0.25,-54,31.0,3,0.5,-58,39.0,3,0.75,-60,34.0,3,1.0,-64,45.0,3,1.25,-66,35.0,3,1.5,-68,51.0,3,1.75,-72,51.0,3,2.0,-65,47.0,3,2.25,-71,49.0,3,2.5,,,,,-69,49.0,3,3.0,-65,63.0,3,3.25,-63,56.0,3,3.5,-67,60.0,3,3.75,-70,53.0,3,4.0,,,,,-67,32.0,3,4.5,-67,76.0,3,4.75,-67,61.0,3,5.0,-68,100.0,3,5.25,,,,,-67,48.0,3,5.75,-71,59.0,3,6.0
-30,46.0,3,0.0,-51,45.0,3,0.25,-54,33.0,3,0.5,-62,41.0,3,0.75,-63,35.0,3,1.0,-61,46.0,3,1.25,-65,37.0,3,1.5,-68,52.0,3,1.75,-64,52.0,3,2.0,-62,50.0,3,2.25,-64,51.0,3,2.5,,,,,-71,50.0,3,3.0,-65,66.0,3,3.25,-68,59.0,3,3.5,-65,61.0,3,3.75,-68,54.0,3,4.0,,,,,-67,33.0,3,4.5,-66,77.0,3,4.75,-67,62.0,3,5.0,-68,101.0,3,5.25,,,,,-66,50.0,3,5.75,-71,61.0,3,6.0
-30,48.0,3,0.0,-49,47.0,3,0.25,-54,34.0,3,0.5,-59,42.0,3,0.75,-60,37.0,3,1.0,-64,49.0,3,1.25,-61,38.0,3,1.5,-66,54.0,3,1.75,-67,53.0,3,2.0,-62,52.0,3,2.25,-65,52.0,3,2.5,,,,,-68,52.0,3,3.0,-64,68.0,3,3.25,-63,61.0,3,3.5,-67,62.0,3,3.75,-70,56.0,3,4.0,,,,,-69,35.0,3,4.5,-68,79.0,3,4.75,-70,64.0,3,5.0,-67,104.0,3,5.25,,,,,-66,51.0,3,5.75,-72,62.0,3,6.0
-30,49.0,3,0.0,-49,48.0,3,0.25,-54,35.0,3,0.5,-58,44.0,3,0.75,-62,38.0,3,1.0,-61,50.0,3,1.25,-63,39.0,3,1.5,-68,55.0,3,1.75,-72,55.0,3,2.0,-64,53.0,3,2.25,-65,53.0,3,2.5,,,,,-69,53.0,3,3.0,-65,69.0,3,3.25,-68,62.0,3,3.5,-67,64.0,3,3.75,-69,57.0,3,4.0,,,,,-67,36.0,3,4.5,-63,80.0,3,4.75,-67,65.0,3,5.0,-70,107.0,3,5.25,,,,,-67,52.0,3,5.75,-71,64.0,3,6.0
-30,51.0,3,0.0,-49,50.0,3,0.25,-58,38.0,3,0.5,-62,45.0,3,0.75,-62,40.0,3,1.0,-61,52.0,3,1.25,-65,42.0,3,1.5,-68,57.0,3,1.75,-72,56.0,3,2.0,-64,55.0,3,2.25,-65,55.0,3,2.5,,,,,-73,55.0,3,3.0,-65,72.0,3,3.25,-69,63.0,3,3.5,-67,66.0,3,3.75,-69,58.0,3,4.0,,,,,-69,37.0,3,4.5,-65,82.0,3,4.75,-66,66.0,3,5.0,-68,111.0,3,5.25,,,,,-67,54.0,3,5.75,-69,65.0,3,6.0
-30,53.0,3,0.0,-49,51.0,3,0.25,-54,41.0,3,0.5,-60,47.0,3,0.75,-61,41.0,3,1.0,-62,54.0,3,1.25,-61,43.0,3,1.5,-66,58.0,3,1.75,-66,57.0,3,2.0,-63,56.0,3,2.25,-65,56.0,3,2.5,,,,,-68,56.0,3,3.0,-65,73.0,3,3.25,-65,65.0,3,3.5,-68,67.0,3,3.75,-70,60.0,3,4.0,,,,,-67,39.0,3,4.5,-64,84.0,3,4.75,-68,68.0,3,5.0,-68,115.0,3,5.25,,,,,-66,55.0,3,5.75,-74,66.0,3,6.0
-30,55.0,3,0.0,-49,52.0,3,0.25,-54,43.0,3,0.5,-61,48.0,3,0.75,-61,42.0,3,1.0,-62,56.0,3,1.25,-67,44.0,3,1.5,-68,59.0,3,1.75,-67,59.0,3,2.0,-62,58.0,3,2.25,-72,58.0,3,2.5,,,,,-70,58.0,3,3.0,-65,78.0,3,3.25,-68,66.0,3,3.5,-66,69.0,3,3.75,-70,61.0,3,4.0,,,,,-67,40.0,3,4.5,-67,85.0,3,4.75,-67,70.0,3,5.0,-74,117.0,3,5.25,,,,,-68,57.0,3,5.75,-72,68.0,3,6.0
-30,56.0,3,0.0,-50,56.0,3,0.25,-57,45.0,3,0.5,-61,49.0,3,0.75,-63,43.0,3,1.0,-63,57.0,3,1.25,-65,47.0,3,1.5,-68,61.0,3,1.75,-64,60.0,3,2.0,-62,59.0,3,2.25,-64,59.0,3,2.5,,,,,-69,59.0,3,3.0,-65,80.0,3,3.25,-67,67.0,3,3.5,-66,71.0,3,3.75,-70,63.0,3,4.0,,,,,-67,41.0,3,4.5,-67,87.0,3,4.75,-67,71.0,3,5.0,-75,118.0,3,5.25,,,,,-66,58.0,3,5.75,-73,69.0,3,6.0
-30,57.0,3,0.0,-49,57.0,3,0.25,-54,46.0,3,0.5,-58,51.0,3,0.75,-63,45.0,3,1.0,-62,58.0,3,1.25,-61,49.0,3,1.5,-68,62.0,3,1.75,-67,62.0,3,2.0,-62,60.0,3,2.25,-64,60.0,3,2.5,,,,,-69,60.0,3,3.0,-65,82.0,3,3.25,-65,69.0,3,3.5,-68,72.0,3,3.75,-71,64.0,3,4.0,,,,,-68,43.0,3,4.5,-65,88.0,3,4.75,-66,72.0,3,5.0,-75,119.0,3,5.25,,,,,-66,59.0,3,5.75,-73,71.0,3,6.0
-30,59.0,3,0.0,-49,59.0,3,0.25,-54,48.0,3,0.5,-59,52.0,3,0.75,-62,46.0,3,1.0,-64,60.0,3,1.25,-61,50.0,3,1.5,-68,63.0,3,1.75,-64,63.0,3,2.0,-64,62.0,3,2.25,-65,62.0,3,2.5,,,,,-65,62.0,3,3.0,-64,83.0,3,3.25,-68,70.0,3,3.5,-66,75.0,3,3.75,-71,68.0,3,4.0,,,,,-67,44.0,3,4.5,-67,90.0,3,4.75,-66,74.0,3,5.0,,,,,,,,,-67,61.0,3,5.75,-72,72.0,3,6.0
-30,60.0,3,0.0,-49,62.0,3,0.25,-58,49.0,3,0.5,-59,54.0,3,0.75,-62,48.0,3,1.0,-62,62.0,3,1.25,-65,52.0,3,1.5,-68,65.0,3,1.75,-67,65.0,3,2.0,-64,63.0,3,2.25,-66,63.0,3,2.5,,,,,-64,64.0,3,3.0,-64,84.0,3,3.25,-67,72.0,3,3.5,-67,76.0,3,3.75,-68,70.0,3,4.0,,,,,-68,46.0,3,4.5,-67,91.0,3,4.75,-70,76.0,3,5.0,,,,,,,,,-66,63.0,3,5.75,-72,73.0,3,6.0
-30,62.0,3,0.0,-49,63.0,3,0.25,-54,51.0,3,0.5,-58,55.0,3,0.75,-60,49.0,3,1.0,-62,64.0,3,1.25,-61,53.0,3,1.5,-68,66.0,3,1.75,-64,68.0,3,2.0,-64,66.0,3,2.25,-65,64.0,3,2.5,,,,,-71,66.0,3,3.0,-63,86.0,3,3.25,-66,73.0,3,3.5,-68,80.0,3,3.75,-69,71.0,3,4.0,,,,,-68,47.0,3,4.5,-66,93.0,3,4.75,-66,78.0,3,5.0,,,,,,,,,-67,64.0,3,5.75,-75,75.0,3,6.0
-30,63.0,3,0.0,-49,65.0,3,0.25,-54,52.0,3,0.5,-60,56.0,3,0.75,-60,50.0,3,1.0,-64,65.0,3,1.25,-62,55.0,3,1.5,-66,67.0,3,1.75,-66,70.0,3,2.0,-66,67.0,3,2.25,-71,66.0,3,2.5,,,,,-71,67.0,3,3.0,-65,87.0,3,3.25,-66,74.0,3,3.5,-68,81.0,3,3.75,-69,73.0,3,4.0,,,,,-67,48.0,3,4.5,-67,95.0,3,4.75,-70,81.0,3,5.0,,,,,,,,,-66,65.0,3,5.75,-73,76.0,3,6.0
-30,64.0,3,0.0,-49,66.0,3,0.25,-57,53.0,3,0.5,-60,58.0,3,0.75,-62,52.0,3,1.0,-62,66.0,3,1.25,-65,57.0,3,1.5,-67,69.0,3,1.75,-64,71.0,3,2.0,-62,69.0,3,2.25,-65,67.0,3,2.5,,,,,-69,69.0,3,3.0,-65,88.0,3,3.25,-68,76.0,3,3.5,-66,85.0,3,3.75,-69,74.0,3,4.0,,,,,-69,50.0,3,4.5,-67,96.0,3,4.75,-72,83.0,3,5.0,,,,,,,,,-67,67.0,3,5.75,-71,77.0,3,6.0
-30,66.0,3,0.0,-49,68.0,3,0.25,-54,55.0,3,0.5,-62,59.0,3,0.75,-62,53.0,3,1.0,-62,68.0,3,1.25,-61,59.0,3,1.5,-67,70.0,3,1.75,-64,73.0,3,2.0,-65,70.0,3,2.25,-66,69.0,3,2.5,,,,,-74,70.0,3,3.0,-66,90.0,3,3.25,-65,77.0,3,3.5,-67,87.0,3,3.75,-69,75.0,3,4.0,,,,,-69,51.0,3,4.5,-66,98.0,3,4.75,-66,85.0,3,5.0,,,,,,,,,-67,69.0,3,5.75,-71,79.0,3,6.0
-30,67.0,3,0.0,-49,69.0,3,0.25,-54,56.0,3,0.5,-62,60.0,3,0.75,-62,55.0,3,1.0,-63,69.0,3,1.25,-62,60.0,3,1.5,-67,72.0,3,1.75,-68,74.0,3,2.0,-64,72.0,3,2.25,-72,70.0,3,2.5,,,,,-68,71.0,3,3.0,-64,93.0,3,3.25,-68,79.0,3,3.5,-67,88.0,3,3.75,-68,77.0,3,4.0,,,,,-67,53.0,3,4.5,-66,99.0,3,4.75,-67,87.0,3,5.0,,,,,,,,,-66,70.0,3,5.75,-73,80.0,3,6.0
-30,69.0,3,0.0,-50,70.0,3,0.25,-57,58.0,3,0.5,-62,62.0,3,0.75,-64,56.0,3,1.0,-61,70.0,3,1.25,-61,62.0,3,1.5,-68,73.0,3,1.75,-67,77.0,3,2.0,-62,73.0,3,2.25,-65,71.0,3,2.5,,,,,-71,74.0,3,3.0,-64,94.0,3,3.25,-68,81.0,3,3.5,-65,90.0,3,3.75,-70,79.0,3,4.0,,,,,-67,54.0,3,4.5,-66,102.0,3,4.75,-67,88.0,3,5.0,,,,,,,,,-67,71.0,3,5.75,-73,83.0,3,6.0
-30,70.0,3,0.0,-49,72.0,3,0.25,-54,59.0,3,0.5,-62,65.0,3,0.75,-64,57.0,3,1.0,-61,72.0,3,1.25,-61,63.0,3,1.5,-67,76.0,3,1.75,-67,78.0,3,2.0,-65,74.0,3,2.25,-65,73.0,3,2.5,,,,,-68,75.0,3,3.0,-64,95.0,3,3.25,-65,82.0,3,3.5,-67,91.0,3,3.75,-68,80.0,3,4.0,,,,,-69,55.0,3,4.5,-67,104.0,3,4.75,-67,89.0,3,5.0,,,,,,,,,-67,73.0,3,5.75,-71,84.0,3,6.0
-30,71.0,3,0.0,-49,73.0,3,0.25,-54,60.0,3,0.5,-62,66.0,3,0.75,-62,59.0,3,1.0,-65,73.0,3,1.25,-63,64.0,3,1.5,-67,77.0,3,1.75,-64,79.0,3,2.0,-67,76.0,3,2.25,-72,74.0,3,2.5,,,,,-71,78.0,3,3.0,-63,97.0,3,3.25,-74,83.0,3,3.5,-65,92.0,3,3.75,-69,81.0,3,4.0,,,,,-69,57.0,3,4.5,-67,105.0,3,4.75,-66,94.0,3,5.0,,,,,,,,,-66,74.0,3,5.75,-71,86.0,3,6.0
-30,73.0,3,0.0,-49,74.0,3,0.25,-57,62.0,3,0.5,-62,67.0,3,0.75,-60,60.0,3,1.0,-62,75.0,3,1.25,-63,66.0,3,1.5,-65,79.0,3,1.75,-67,81.0,3,2.0,-62,77.0,3,2.25,-65,76.0,3,2.5,,,,,-68,80.0,3,3.0,-64,98.0,3,3.25,-65,85.0,3,3.5,-66,94.0,3,3.75,-71,83.0,3,4.0,,,,,-69,58.0,3,4.5,-66,106.0,3,4.75,-66,98.0,3,5.0,,,,,,,,,-66,75.0,3,5.75,-70,89.0,3,6.0
-30,74.0,3,0.0,-49,76.0,3,0.25,-54,63.0,3,0.5,-61,69.0,3,0.75,-62,63.0,3,1.0,-62,76.0,3,1.25,-61,67.0,3,1.5,-68,80.0,3,1.75,-67,82.0,3,2.0,-65,78.0,3,2.25,-67,77.0,3,2.5,,,,,-72,81.0,3,3.0,-64,100.0,3,3.25,-67,87.0,3,3.5,-66,95.0,3,3.75,-70,84.0,3,4.0,,,,,-69,59.0,3,4.5,-66,108.0,3,4.75,-75,99.0,3,5.0,,,,,,,,,-66,77.0,3,5.75,-70,90.0,3,6.0
-30,76.0,3,0.0,-49,77.0,3,0.25,-54,65.0,3,0.5,-61,70.0,3,0.75,-60,64.0,3,1.0,-63,77.0,3,1.25,-63,68.0,3,1.5,-71,81.0,3,1.75,-64,84.0,3,2.0,-65,80.0,3,2.25,-73,78.0,3,2.5,,,,,-72,83.0,3,3.0,-65,101.0,3,3.25,-67,88.0,3,3.5,-65,96.0,3,3.75,-69,85.0,3,4.0,,,,,-67,61.0,3,4.5,-66,109.0,3,4.75,-75,101.0,3,5.0,,,,,,,,,-67,78.0,3,5.75,-72,92.0,3,6.0
-30,78.0,3,0.0,-49,78.0,3,0.25,-57,66.0,3,0.5,-59,71.0,3,0.75,-61,66.0,3,1.0,-62,79.0,3,1.25,-61,70.0,3,1.5,-65,83.0,3,1.75,-68,86.0,3,2.0,-63,81.0,3,2.25,-73,80.0,3,2.5,,,,,-70,85.0,3,3.0,-65,102.0,3,3.25,-65,89.0,3,3.5,-67,99.0,3,3.75,-69,88.0,3,4.0,,,,,-68,62.0,3,4.5,-63,111.0,3,4.75,-67,102.0,3,5.0,,,,,,,,,-67,79.0,3,5.75,-71,93.0,3,6.0
-30,80.0,3,0.0,-49,80.0,3,0.25,-57,67.0,3,0.5,-59,73.0,3,0.75,-61,67.0,3,1.0,-62,80.0,3,1.25,-61,71.0,3,1.5,-65,84.0,3,1.75,-64,88.0,3,2.0,-66,83.0,3,2.25,-66,81.0,3,2.5,,,,,-68,88.0,3,3.0,-65,105.0,3,3.25,-67,91.0,3,3.5,-65,100.0,3,3.75,-68,90.0,3,4.0,,,,,-69,64.0,3,4.5,-63,112.0,3,4.75,-70,104.0,3,5.0,,,,,,,,,-67,81.0,3,5.75,-71,95.0,3,6.0
-30,81.0,3,0.0,-50,81.0,3,0.25,-58,69.0,3,0.5,-63,74.0,3,0.75,-60,68.0,3,1.0,-64,81.0,3,1.25,-61,73.0,3,1.5,-65,86.0,3,1.75,-66,89.0,3,2.0,-69,84.0,3,2.25,-66,82.0,3,2.5,,,,,-71,90.0,3,3.0,-65,106.0,3,3.25,-65,92.0,3,3.5,-65,102.0,3,3.75,-69,91.0,3,4.0,,,,,-69,65.0,3,4.5,-66,113.0,3,4.75,-66,105.0,3,5.0,,,,,,,,,-66,82.0,3,5.75,-72,96.0,3,6.0
-30,82.0,3,0.0,-50,83.0,3,0.25,-58,70.0,3,0.5,-57,75.0,3,0.75,-62,70.0,3,1.0,-61,83.0,3,1.25,-61,74.0,3,1.5,-65,87.0,3,1.75,-72,90.0,3,2.0,-62,88.0,3,2.25,-66,85.0,3,2.5,,,,,-71,91.0,3,3.0,-64,108.0,3,3.25,-65,94.0,3,3.5,-67,103.0,3,3.75,-68,94.0,3,4.0,,,,,-69,66.0,3,4.5,-67,116.0,3,4.75,-70,106.0,3,5.0,,,,,,,,,-62,84.0,3,5.75,-71,98.0,3,6.0
-30,84.0,3,0.0,-49,84.0,3,0.25,-54,71.0,3,0.5,-62,77.0,3,0.75,-62,71.0,3,1.0,-63,84.0,3,1.25,-62,76.0,3,1.5,-65,90.0,3,1.75,-69,92.0,3,2.0,-62,89.0,3,2.25,-72,87.0,3,2.5,,,,,-68,92.0,3,3.0,-65,109.0,3,3.25,-67,95.0,3,3.5,-65,106.0,3,3.75,-69,95.0,3,4.0,,,,,-68,68.0,3,4.5,-67,117.0,3,4.75,-65,109.0,3,5.0,,,,,,,,,-66,85.0,3,5.75,-73,99.0,3,6.0
-30,85.0,3,0.0,-49,85.0,3,0.25,-57,73.0,3,0.5,-61,78.0,3,0.75,-60,73.0,3,1.0,-63,86.0,3,1.25,-61,77.0,3,1.5,-65,91.0,3,1.75,-66,93.0,3,2.0,-65,91.0,3,2.25,-70,89.0,3,2.5,,,,,-71,94.0,3,3.0,-63,111.0,3,3.25,-65,96.0,3,3.5,-67,107.0,3,3.75,-70,96.0,3,4.0,,,,,-67,69.0,3,4.5,-71,119.0,3,4.75,-67,110.0,3,5.0,,,,,,,,,-66,87.0,3,5.75,-72,102.0,3,6.0
-30,86.0,3,0.0,-49,87.0,3,0.25,-57,74.0,3,0.5,-57,80.0,3,0.75,-63,75.0,3,1.0,-62,87.0,3,1.25,-61,79.0,3,1.5,-65,92.0,3,1.75,-73,95.0,3,2.0,-62,92.0,3,2.25,-71,90.0,3,2.5,,,,,-69,95.0,3,3.0,-64,112.0,3,3.25,-65,98.0,3,3.5,-65,109.0,3,3.75,-69,99.0,3,4.0,,,,,-67,70.0,3,4.5,,,,,-67,111.0,3,5.0,,,,,,,,,-63,88.0,3,5.75,-73,105.0,3,6.0
-30,88.0,3,0.0,-49,88.0,3,0.25,-54,76.0,3,0.5,-62,81.0,3,0.75,-60,77.0,3,1.0,-64,88.0,3,1.25,-66,81.0,3,1.5,-68,94.0,3,1.75,-64,96.0,3,2.0,-62,96.0,3,2.25,-65,92.0,3,2.5,,,,,-71,97.0,3,3.0,-65,113.0,3,3.25,-68,99.0,3,3.5,-64,111.0,3,3.75,-69,100.0,3,4.0,,,,,-67,72.0,3,4.5,,,,,-65,113.0,3,5.0,,,,,,,,,-67,89.0,3,5.75,-73,106.0,3,6.0
-30,89.0,3,0.0,-49,90.0,3,0.25,-58,77.0,3,0.5,-62,83.0,3,0.75,-62,78.0,3,1.0,-63,90.0,3,1.25,-62,82.0,3,1.5,-65,95.0,3,1.75,-64,97.0,3,2.0,-65,99.0,3,2.25,-71,93.0,3,2.5,,,,,-68,99.0,3,3.0,-65,115.0,3,3.25,-69,100.0,3,3.5,-68,112.0,3,3.75,-69,102.0,3,4.0,,,,,-67,76.0,3,4.5,,,,,-66,114.0,3,5.0,,,,,,,,,-66,91.0,3,5.75,-74,108.0,3,6.0
-30,91.0,3,0.0,-50,91.0,3,0.25,-54,78.0,3,0.5,-59,85.0,3,0.75,-63,79.0,3,1.0,-59,91.0,3,1.25,-63,84.0,3,1.5,-65,96.0,3,1.75,-73,99.0,3,2.0,-62,100.0,3,2.25,-66,95.0,3,2.5,,,,,-67,100.0,3,3.0,-65,116.0,3,3.25,-65,102.0,3,3.5,-67,115.0,3,3.75,-69,103.0,3,4.0,,,,,-69,78.0,3,4.5,,,,,-73,116.0,3,5.0,,,,,,,,,-67,92.0,3,5.75,-72,112.0,3,6.0
-30,93.0,3,0.0,-49,92.0,3,0.25,-54,80.0,3,0.5,-62,86.0,3,0.75,-60,81.0,3,1.0,-64,92.0,3,1.25,-63,85.0,3,1.5,-65,98.0,3,1.75,-65,100.0,3,2.0,-62,102.0,3,2.25,-71,97.0,3,2.5,,,,,-70,102.0,3,3.0,-66,117.0,3,3.25,-68,103.0,3,3.5,-66,117.0,3,3.75,-69,106.0,3,4.0,,,,,-69,80.0,3,4.5,,,,,-66,117.0,3,5.0,,,,,,,,,-67,93.0,3,5.75,-69,113.0,3,6.0
-30,95.0,3,0.0,-49,94.0,3,0.25,-57,81.0,3,0.5,-58,87.0,3,0.75,-63,82.0,3,1.0,-63,94.0,3,1.25,-61,86.0,3,1.5,-67,101.0,3,1.75,-65,101.0,3,2.0,-67,103.0,3,2.25,-71,99.0,3,2.5,,,,,-68,103.0,3,3.0,,,,,-65,105.0,3,3.5,-63,118.0,3,3.75,-71,109.0,3,4.0,,,,,-69,81.0,3,4.5,,,,,-66,118.0,3,5.0,,,,,,,,,-67,95.0,3,5.75,-74,115.0,3,6.0
-30,96.0,3,0.0,-49,95.0,3,0.25,-54,83.0,3,0.5,-58,89.0,3,0.75,-63,84.0,3,1.0,-62,95.0,3,1.25,-61,88.0,3,1.5,-67,102.0,3,1.75,-65,103.0,3,2.0,-65,104.0,3,2.25,-66,100.0,3,2.5,,,,,-68,105.0,3,3.0,,,,,-65,106.0,3,3.5,-68,120.0,3,3.75,-69,110.0,3,4.0,,,,,-69,83.0,3,4.5,,,,,-70,120.0,3,5.0,,,,,,,,,-62,96.0,3,5.75,-70,116.0,3,6.0
-30,97.0,3,0.0,-49,97.0,3,0.25,-54,85.0,3,0.5,-62,91.0,3,0.75,-57,85.0,3,1.0,-63,97.0,3,1.25,-62,89.0,3,1.5,-67,103.0,3,1.75,-64,104.0,3,2.0,-63,106.0,3,2.25,-71,102.0,3,2.5,,,,,-67,106.0,3,3.0,,,,,-68,107.0,3,3.5,,,,,-69,112.0,3,4.0,,,,,-67,86.0,3,4.5,,,,,,,,,,,,,,,,,-67,98.0,3,5.75,-71,118.0,3,6.0
-30,100.0,3,0.0,-49,98.0,3,0.25,-58,86.0,3,0.5,-62,92.0,3,0.75,-62,87.0,3,1.0,-65,98.0,3,1.25,-60,90.0,3,1.5,-67,105.0,3,1.75,-66,106.0,3,2.0,-65,107.0,3,2.25,-71,103.0,3,2.5,,,,,-67,108.0,3,3.0,,,,,-65,109.0,3,3.5,,,,,-70,113.0,3,4.0,,,,,-68,87.0,3,4.5,,,,,,,,,,,,,,,,,-66,99.0,3,5.75,-75,119.0,3,6.0
-30,103.0,3,0.0,-49,99.0,3,0.25,-54,87.0,3,0.5,-61,93.0,3,0.75,-63,88.0,3,1.0,-61,99.0,3,1.25,-60,92.0,3,1.5,-65,106.0,3,1.75,-64,107.0,3,2.0,-62,109.0,3,2.25,-71,105.0,3,2.5,,,,,-67,110.0,3,3.0,,,,,-65,110.0,3,3.5,,,,,-69,114.0,3,4.0,,,,,-67,88.0,3,4.5,,,,,,,,,,,,,,,,,-70,102.0,3,5.75,,,,
-30,104.0,3,0.0,-49,100.0,3,0.25,-54,89.0,3,0.5,-58,96.0,3,0.75,-61,90.0,3,1.0,-64,101.0,3,1.25,-63,93.0,3,1.5,-68,107.0,3,1.75,-64,108.0,3,2.0,-65,110.0,3,2.25,-71,106.0,3,2.5,,,,,-68,111.0,3,3.0,,,,,-68,112.0,3,3.5,,,,,-69,116.0,3,4.0,,,,,-67,90.0,3,4.5,,,,,,,,,,,,,,,,,-65,103.0,3,5.75,,,,
-30,108.0,3,0.0,-50,102.0,3,0.25,-58,90.0,3,0.5,-62,98.0,3,0.75,-63,91.0,3,1.0,-63,102.0,3,1.25,-63,94.0,3,1.5,-70,109.0,3,1.75,-67,110.0,3,2.0,-64,111.0,3,2.25,-71,107.0,3,2.5,,,,,-68,112.0,3,3.0,,,,,-68,113.0,3,3.5,,,,,-68,118.0,3,4.0,,,,,-68,91.0,3,4.5,,,,,,,,,,,,,,,,,-65,104.0,3,5.75,,,,
-30,110.0,3,0.0,-49,103.0,3,0.25,-54,92.0,3,0.5,-58,99.0,3,0.75,-62,94.0,3,1.0,-62,103.0,3,1.25,-63,96.0,3,1.5,-70,110.0,3,1.75,-64,111.0,3,2.0,-62,113.0,3,2.25,-66,109.0,3,2.5,,,,,-68,114.0,3,3.0,,,,,-66,114.0,3,3.5,,,,,-69,119.0,3,4.0,,,,,-68,92.0,3,4.5,,,,,,,,,,,,,,,,,-67,106.0,3,5.75,,,,
-30,111.0,3,0.0,-49,105.0,3,0.25,-54,93.0,3,0.5,-59,100.0,3,0.75,-62,96.0,3,1.0,-65,105.0,3,1.25,-62,97.0,3,1.5,-68,112.0,3,1.75,-64,113.0,3,2.0,-62,114.0,3,2.25,-66,110.0,3,2.5,,,,,-68,115.0,3,3.0,,,,,-67,116.0,3,3.5,,,,,-68,120.0,3,4.0,,,,,-69,94.0,3,4.5,,,,,,,,,,,,,,,,,-67,107.0,3,5.75,,,,
-30,112.0,3,0.0,-50,106.0,3,0.25,-58,94.0,3,0.5,-62,102.0,3,0.75,-62,97.0,3,1.0,-65,106.0,3,1.25,-61,99.0,3,1.5,-68,113.0,3,1.75,-66,114.0,3,2.0,-65,116.0,3,2.25,-71,111.0,3,2.5,,,,,-68,117.0,3,3.0,,,,,-67,117.0,3,3.5,,,,,,,,,,,,,-69,95.0,3,4.5,,,,,,,,,,,,,,,,,-67,109.0,3,5.75,,,,
-30,114.0,3,0.0,-49,108.0,3,0.25,-54,97.0,3,0.5,-58,103.0,3,0.75,-62,99.0,3,1.0,-62,108.0,3,1.25,-64,100.0,3,1.5,-65,114.0,3,1.75,-64,116.0,3,2.0,-65,117.0,3,2.25,-71,113.0,3,2.5,,,,,-71,118.0,3,3.0,,,,,-66,118.0,3,3.5,,,,,,,,,,,,,-68,97.0,3,4.5,,,,,,,,,,,,,,,,,-67,110.0,3,5.75,,,,
-31,116.0,3,0.0,-48,109.0,3,0.25,-58,98.0,3,0.5,-59,105.0,3,0.75,-62,100.0,3,1.0,-62,109.0,3,1.25,-65,102.0,3,1.5,-65,116.0,3,1.75,-64,117.0,3,2.0,-66,118.0,3,2.25,-71,114.0,3,2.5,,,,,-67,120.0,3,3.0,,,,,-68,120.0,3,3.5,,,,,,,,,,,,,-67,98.0,3,4.5,,,,,,,,,,,,,,,,,-66,111.0,3,5.75,,,,
-31,117.0,3,0.0,-50,110.0,3,0.25,-54,100.0,3,0.5,-59,106.0,3,0.75,-60,102.0,3,1.0,-62,110.0,3,1.25,-61,103.0,3,1.5,-67,117.0,3,1.75,-64,119.0,3,2.0,,,,,-64,115.0,3,2.5,,,,,,,,,,,,,,,,,,,,,,,,,,,,,-67,99.0,3,4.5,,,,,,,,,,,,,,,,,-70,115.0,3,5.75,,,,
-31,119.0,3,0.0,-50,112.0,3,0.25,-58,101.0,3,0.5,-59,107.0,3,0.75,-62,103.0,3,1.0,-62,112.0,3,1.25,-65,106.0,3,1.5,-63,118.0,3,1.75,,,,,,,,,-64,117.0,3,2.5,,,,,,,,,,,,,,,,,,,,,,,,,,,,,-68,101.0,3,4.5,,,,,,,,,,,,,,,,,-68,118.0,3,5.75,,,,
-31,120.0,3,0.0,-49,113.0,3,0.25,-58,103.0,3,0.5,-59,108.0,3,0.75,-62,105.0,3,1.0,-63,113.0,3,1.25,-61,107.0,3,1.5,-68,120.0,3,1.75,,,,,,,,,-71,118.0,3,2.5,,,,,,,,,,,,,,,,,,,,,,,,,,,,,-71,102.0,3,4.5,,,,,,,,,,,,,,,,,-67,120.0,3,5.75,,,,
,,,,-49,114.0,3,0.25,-54,104.0,3,0.5,-61,110.0,3,0.75,-63,106.0,3,1.0,-62,114.0,3,1.25,-63,109.0,3,1.5,,,,,,,,,,,,,-71,119.0,3,2.5,,,,,,,,,,,,,,,,,,,,,,,,,,,,,-69,104.0,3,4.5,,,,,,,,,,,,,,,,,,,,,,,,
,,,,-49,116.0,3,0.25,-58,106.0,3,0.5,-61,111.0,3,0.75,-63,109.0,3,1.0,-62,116.0,3,1.25,-61,112.0,3,1.5,,,,,,,,,,,,,,,,,,,,,,,,,,,,,,,,,,,,,,,,,,,,,-68,105.0,3,4.5,,,,,,,,,,,,,,,,,,,,,,,,
,,,,-49,117.0,3,0.25,-54,107.0,3,0.5,-60,113.0,3,0.75,-63,111.0,3,1.0,-64,117.0,3,1.25,-63,115.0,3,1.5,,,,,,,,,,,,,,,,,,,,,,,,,,,,,,,,,,,,,,,,,,,,,-68,106.0,3,4.5,,,,,,,,,,,,,,,,,,,,,,,,
,,,,-49,119.0,3,0.25,-54,109.0,3,0.5,-61,114.0,3,0.75,-57,113.0,3,1.0,-61,118.0,3,1.25,-61,116.0,3,1.5,,,,,,,,,,,,,,,,,,,,,,,,,,,,,,,,,,,,,,,,,,,,,-69,108.0,3,4.5,,,,,,,,,,,,,,,,,,,,,,,,
,,,,-51,120.0,3,0.25,-58,110.0,3,0.5,-61,116.0,3,0.75,-63,114.0,3,1.0,,,,,-62,117.0,3,1.5,,,,,,,,,,,,,,,,,,,,,,,,,,,,,,,,,,,,,,,,,,,,,-68,109.0,3,4.5,,,,,,,,,,,,,,,,,,,,,,,,
,,,,,,,,-60,113.0,3,0.5,-58,117.0,3,0.75,-56,115.0,3,1.0,,,,,-61,119.0,3,1.5,,,,,,,,,,,,,,,,,,,,,,,,,,,,,,,,,,,,,,,,,,,,,-68,110.0,3,4.5,,,,,,,,,,,,,,,,,,,,,,,,
,,,,,,,,-58,114.0,3,0.5,-62,118.0,3,0.75,-63,117.0,3,1.0,,,,,-61,120.0,3,1.5,,,,,,,,,,,,,,,,,,,,,,,,,,,,,,,,,,,,,,,,,,,,,-69,112.0,3,4.5,,,,,,,,,,,,,,,,,,,,,,,,
,,,,,,,,-54,116.0,3,0.5,-62,120.0,3,0.75,-63,118.0,3,1.0,,,,,,,,,,,,,,,,,,,,,,,,,,,,,,,,,,,,,,,,,,,,,,,,,,,,,-67,113.0,3,4.5,,,,,,,,,,,,,,,,,,,,,,,,
,,,,,,,,-57,117.0,3,0.5,,,,,-60,119.0,3,1.0,,,,,,,,,,,,,,,,,,,,,,,,,,,,,,,,,,,,,,,,,,,,,,,,,,,,,-69,115.0,3,4.5,,,,,,,,,,,,,,,,,,,,,,,,
,,,,,,,,-58,118.0,3,0.5,,,,,,,,,,,,,,,,,,,,,,,,,,,,,,,,,,,,,,,,,,,,,,,,,,,,,,,,,,,,,-69,116.0,3,4.5,,,,,,,,,,,,,,,,,,,,,,,,
,,,,,,,,,,,,,,,,,,,,,,,,,,,,,,,,,,,,,,,,,,,,,,,,,,,,,,,,,,,,,,,,,,,,,,,,-67,117.0,3,4.5,,,,,,,,,,,,,,,,,,,,,,,,
,,,,,,,,,,,,,,,,,,,,,,,,,,,,,,,,,,,,,,,,,,,,,,,,,,,,,,,,,,,,,,,,,,,,,,,,-68,119.0,3,4.5,,,,,,,,,,,,,,,,,,,,,,,,
,,,,,,,,,,,,,,,,,,,,,,,,,,,,,,,,,,,,,,,,,,,,,,,,,,,,,,,,,,,,,,,,,,,,,,,,-72,120.0,3,4.5,,,,,,,,,,,,,,,,,,,,,,,,
